fixed acidity;volatile acidity;citric acid;residual sugar;chlorides;free sulfur dioxide;total sulfur dioxide;density;pH;sulphates;alcohol;quality;
6.9;0.75;0.13;6.3;0.036;19;50;0.99312;3.09;0.25;11.1;4;
7.1;0.35;0.27;3.1;0.034;28;134;0.9897;3.26;0.38;13.1;7;
7.2;0.31;0.35;7.2;0.046;45;178;0.9955;3.14;0.53;9.7;5;
6.4;0.28;0.44;7.1;0.048;49;179;0.99528;3.15;0.48;9.2;5;
7.2;0.23;0.46;6.4;0.036;17;85;0.99279;3.1;0.78;11.7;6;
6.6;0.22;0.3;14.7;0.045;50;136;0.99704;3.14;0.37;10.6;6;
7.2;0.31;0.35;7.2;0.046;45;178;0.9955;3.14;0.53;9.7;5;
6.4;0.28;0.44;7.1;0.048;49;179;0.99528;3.15;0.48;9.2;5;
7.2;0.24;0.28;1.9;0.032;30;92;0.9914;3.1;0.39;10.9;6;
6.2;0.27;0.47;1.2;0.146;28;105;0.99224;3.23;0.51;10.1;5;
6.5;0.28;0.25;4.8;0.029;54;128;0.99074;3.17;0.44;12.2;7;
7.2;0.27;0.31;1.2;0.031;27;80;0.98892;3.03;0.33;12.7;6;
7.8;0.28;0.25;3.4;0.024;27;99;0.98959;2.98;0.37;13;6;
8.1;0.26;0.27;4.3;0.03;43;123;0.99212;3.16;0.33;11.2;6;
6.6;0.23;0.37;8.5;0.036;46;153;0.99576;3.2;0.48;9.4;6;
6;0.33;0.2;1.8;0.031;49;159;0.9919;3.41;0.53;11;6;
6;0.33;0.2;1.8;0.031;49;159;0.9919;3.41;0.53;11;6;
7.3;0.2;0.29;19.5;0.039;69;237;100.037;3.1;0.48;9.2;6;
6.6;0.23;0.37;8.5;0.036;46;153;0.99576;3.2;0.48;9.4;6;
7.3;0.2;0.29;19.9;0.039;69;237;100.037;3.1;0.48;9.2;6;
6.2;0.47;0.19;8.3;0.029;24;142;0.992;3.22;0.45;12.3;6;
6;0.33;0.2;1.8;0.031;49;159;0.9919;3.41;0.53;11;6;
7.2;0.14;0.32;1.1;0.022;48;116;0.99218;3.04;0.67;10;6;
5.7;0.22;0.22;16.65;0.044;39;110;0.99855;3.24;0.48;9;6;
5.7;0.22;0.22;16.65;0.044;39;110;0.99855;3.24;0.48;9;6;
5.7;0.22;0.22;16.65;0.044;39;110;0.99855;3.24;0.48;9;6;
8.1;0.2;0.28;0.9;0.023;49;87;0.99062;2.92;0.36;11.1;6;
5.8;0.14;0.15;6.1;0.042;27;123;0.99362;3.06;0.6;9.9;6;
4.8;0.21;0.21;10.2;0.037;17;112;0.99324;3.66;0.48;12.2;7;
8.1;0.2;0.28;0.9;0.023;49;87;0.99062;2.92;0.36;11.1;6;
5.7;0.22;0.22;16.65;0.044;39;110;0.99855;3.24;0.48;9;6;
7.5;0.34;0.24;3.85;0.031;5;34;0.99098;3.01;0.36;11.8;4;
6.6;0.64;0.28;4.4;0.032;19;78;0.99036;3.11;0.62;12.9;6;
7;0.48;0.12;4.5;0.05;23;86;0.99398;2.86;0.35;9;5;
7.6;0.37;0.34;3.2;0.028;42;162;0.9903;3.01;0.33;12.4;6;
7;0.48;0.12;4.5;0.05;23;86;0.99398;2.86;0.35;9;5;
6.6;0.64;0.28;4.4;0.032;19;78;0.99036;3.11;0.62;12.9;6;
8;0.25;0.27;9.7;0.036;15;85;0.99406;2.99;0.36;11.2;6;
7.6;0.38;0.28;4.2;0.029;7;112;0.9906;3;0.41;12.6;6;
6.9;0.26;0.27;4.2;0.031;20;80;0.99089;3.12;0.39;11.5;6;
7.8;0.15;0.34;1.1;0.035;31;93;0.99096;3.07;0.72;11.3;7;
8;0.25;0.27;9.7;0.036;15;85;0.99406;2.99;0.36;11.2;6;
6.9;0.26;0.27;4.2;0.031;20;80;0.99089;3.12;0.39;11.5;6;
5.9;0.655;0;5.6;0.033;8;31;0.9936;3.32;0.51;10.5;4;
7.6;0.38;0.28;4.2;0.029;7;112;0.9906;3;0.41;12.6;6;
7.8;0.31;0.4;1.6;0.027;20;87;0.9911;3.15;0.48;11.9;6;
8.1;0.17;0.21;1.6;0.036;24;119;0.99396;3.18;0.52;10.1;6;
6.8;0.18;0.28;1.1;0.027;32;112;0.99089;3.15;0.45;11;7;
7.4;0.28;0.36;14.6;0.048;35;161;0.9968;3.14;0.56;10.6;5;
7.3;0.23;0.27;2.6;0.035;39;120;0.99138;3.04;0.59;11.3;7;
6.7;0.22;0.22;1.2;0.038;5;124;0.99098;3.1;0.37;11.2;4;
7.4;0.25;0.28;7.25;0.028;14;78;0.99238;2.94;0.37;11.5;7;
7.5;0.3;0.21;6.55;0.026;33;143;0.99244;2.92;0.35;11.1;5;
7.2;0.26;0.24;7;0.023;19;130;0.99176;3.14;0.49;12.8;7;
6.3;0.32;0.32;1.5;0.037;12;76;0.98993;3.3;0.46;12.3;6;
7.7;0.24;0.3;1.4;0.041;15;102;0.9929;3.26;0.53;10.4;6;
7.4;0.25;0.28;7.25;0.028;14;78;0.99238;2.94;0.37;11.5;7;
7;0.24;0.35;1;0.032;42;104;0.98988;3.16;0.37;11.7;7;
5.8;0.28;0.28;4.2;0.044;52;158;0.992;3.35;0.44;10.7;7;
6.8;0.19;0.71;17.5;0.042;21;114;0.99784;2.85;0.5;9.5;6;
6.8;0.19;0.71;17.5;0.042;21;114;0.99784;2.85;0.5;9.5;6;
6.8;0.19;0.71;17.5;0.042;21;114;0.99784;2.85;0.5;9.5;6;
6.6;0.19;0.35;1.5;0.037;37;107;0.99006;3.18;0.68;12;7;
6.4;0.28;0.36;1.3;0.053;28;186;0.99211;3.31;0.45;10.8;5;
5.6;0.28;0.27;3.9;0.043;52;158;0.99202;3.35;0.44;10.7;7;
5.6;0.28;0.28;4.2;0.044;52;158;0.992;3.35;0.44;10.7;7;
6.8;0.19;0.32;7.6;0.049;37;107;0.99332;3.12;0.44;10.7;7;
7.2;0.16;0.29;1;0.031;40;123;0.98958;3.12;0.4;12.1;7;
6.6;0.17;0.28;1.1;0.034;55;108;0.98939;3;0.52;11.9;7;
6.6;0.19;0.28;11.8;0.042;54;137;0.99492;3.18;0.37;10.8;6;
5.8;0.2;0.24;1.4;0.033;65;169;0.99043;3.59;0.56;12.3;7;
6.6;0.39;0.38;9.7;0.053;49;226;0.99787;3.3;0.57;9.4;6;
6.8;0.12;0.3;12.9;0.049;32;88;0.99654;3.2;0.35;9.9;6;
6.6;0.295;0.24;1.6;0.039;29;140;0.99304;3.35;0.61;10.4;7;
6.6;0.26;0.24;7.2;0.038;28;137;0.9952;3.35;0.6;10.4;6;
7;0.32;0.27;7.1;0.027;37;122;0.99165;3.15;0.6;12.6;7;
7.4;0.36;0.23;1.9;0.017;31;69;0.9892;2.93;0.36;12.5;6;
6.7;0.35;0.48;8.8;0.056;35;167;0.99628;3.04;0.47;9.4;5;
6.4;0.38;0.24;7.2;0.047;41;151;0.99604;3.11;0.6;9.2;5;
6.8;0.14;0.18;1.4;0.047;30;90;0.99164;3.27;0.54;11.2;6;
7;0.16;0.25;14.3;0.044;27;149;0.998;2.91;0.46;9.2;6;
7;0.16;0.25;14.3;0.044;27;149;0.998;2.91;0.46;9.2;6;
6.7;0.35;0.48;8.8;0.056;35;167;0.99628;3.04;0.47;9.4;5;
6.8;0.14;0.18;1.4;0.047;30;90;0.99164;3.27;0.54;11.2;6;
6.8;0.16;0.18;1.8;0.046;31;114;0.99226;3.27;0.55;10.8;6;
7;0.16;0.25;14.3;0.044;27;149;0.998;2.91;0.46;9.2;6;
6.4;0.38;0.24;7.2;0.047;41;151;0.99604;3.11;0.6;9.2;5;
7.2;0.24;0.3;1.2;0.037;11;95;0.98914;2.96;0.36;12.5;6;
7.7;0.32;0.61;11.8;0.041;66;188;0.99794;3;0.54;9.3;5;
7;0.29;0.33;0.9;0.041;20;117;0.99048;3.21;0.5;11.4;5;
7.1;0.27;0.24;12.6;0.044;48;118;0.99726;3.04;0.56;10;7;
6.8;0.45;0.28;26.05;0.031;27;122;100.295;3.06;0.42;10.6;6;
6.3;0.2;0.26;4.7;0.04;108;168;0.99278;3.07;0.75;10.7;7;
7.1;0.27;0.24;12.6;0.044;48;118;0.99726;3.04;0.56;10;7;
7.2;0.24;0.3;1.2;0.037;11;95;0.98914;2.96;0.36;12.5;6;
6.8;0.45;0.28;26.05;0.031;27;122;100.295;3.06;0.42;10.6;6;
6.6;0.36;0.28;6.1;0.029;12;93;0.99054;3.19;0.27;12.8;7;
7.7;0.32;0.61;11.8;0.041;66;188;0.99794;3;0.54;9.3;5;
7;0.29;0.33;0.9;0.041;20;117;0.99048;3.21;0.5;11.4;5;
6.4;0.37;0.2;5.6;0.117;61;183;0.99459;3.24;0.43;9.5;5;
6.4;0.38;0.2;5.3;0.117;57;181;0.99459;3.24;0.43;9.5;6;
6.4;0.36;0.2;5.7;0.118;61;172;0.9946;3.24;0.43;9.5;6;
6.6;0.3;0.25;8;0.036;21;124;0.99362;3.06;0.38;10.8;6;
6.6;0.3;0.25;8;0.036;21;124;0.99362;3.06;0.38;10.8;6;
6.5;0.21;0.51;17.6;0.045;34;125;0.99966;3.2;0.47;8.8;6;
6.6;0.3;0.25;8;0.036;21;124;0.99362;3.06;0.38;10.8;6;
7.6;0.31;0.27;8.8;0.021;57;156;0.99442;3.08;0.38;11;7;
5.8;0.58;0;1.5;0.02;33;96;0.98918;3.29;0.38;12.4;6;
6.5;0.26;0.39;1.4;0.02;12;66;0.99089;3.25;0.75;11.3;7;
8.7;0.3;0.34;4.8;0.018;23;127;0.99474;3.12;0.49;11.2;7;
6.4;0.29;0.32;2.4;0.014;34;89;0.99008;3.24;0.66;12.5;7;
6.7;0.13;0.32;3.7;0.017;32;99;0.99348;3.12;0.44;10;6;
6.8;0.19;0.33;4.9;0.047;42;130;0.99283;3.12;0.56;11;6;
6;0.25;0.4;5.7;0.052;56;152;0.99398;3.16;0.88;10.5;6;
6;0.25;0.4;5.7;0.052;56;152;0.99398;3.16;0.88;10.5;6;
6.8;0.19;0.33;4.9;0.047;42;130;0.99283;3.12;0.56;11;6;
6.4;0.24;0.23;2;0.046;30;133;0.9908;3.12;0.54;11.4;7;
5.9;0.18;0.28;5.1;0.039;50;139;0.99165;3.16;0.44;11.3;6;
7.2;0.33;0.22;4.5;0.031;10;73;0.99076;2.97;0.52;12.2;7;
6.4;0.29;0.24;3.2;0.037;31;95;0.98942;2.9;0.66;12.6;7;
7.3;0.31;0.25;6.65;0.032;30;138;0.99244;2.9;0.37;11.1;5;
7;0.29;0.37;1.6;0.035;34;126;0.99058;3.26;0.47;12.3;6;
6.9;0.19;0.6;4;0.037;6;122;0.99255;2.92;0.59;10.4;4;
6.3;0.32;0.17;17.75;0.06;51;190;0.99916;3.13;0.48;8.8;6;
6.6;0.085;0.33;1.4;0.036;17;109;0.99306;3.27;0.61;9.5;6;
6.3;0.32;0.17;17.75;0.06;51;190;0.99916;3.13;0.48;8.8;6;
6.8;0.18;0.32;7.2;0.047;17;109;0.99498;3.42;0.44;10.4;6;
6.8;0.52;0.26;5.7;0.038;27;130;0.99;3.11;0.27;13;7;
7.1;0.28;0.28;8.5;0.03;25;191;0.99338;3.16;0.46;12.2;7;
5.7;0.15;0.47;11.4;0.035;49;128;0.99456;3.03;0.34;10.5;8;
5.8;0.275;0.3;5.4;0.043;41;149;0.9926;3.33;0.42;10.8;7;
5.4;0.53;0.16;2.7;0.036;34;128;0.98856;3.2;0.53;13.2;8;
5.8;0.32;0.28;4.3;0.032;46;115;0.98946;3.16;0.57;13;8;
6.7;0.22;0.39;1.2;0.049;26;152;0.99346;3.5;0.47;10;6;
6.1;0.6;0.12;1.8;0.05;11;76;0.99268;3.42;0.48;10.4;4;
6.5;0.26;0.31;1.3;0.034;59;145;0.98944;3.16;0.54;12.4;6;
5;0.29;0.54;5.7;0.035;54;155;0.98976;3.27;0.34;12.9;8;
5.4;0.53;0.16;2.7;0.036;34;128;0.98856;3.2;0.53;13.2;8;
6.8;0.21;0.26;11.7;0.038;61;152;0.99523;3.02;0.56;10.5;7;
5.8;0.32;0.28;4.3;0.032;46;115;0.98946;3.16;0.57;13;8;
6.5;0.27;0.26;11;0.03;2;82;0.99402;3.07;0.36;11.2;5;
5.9;0.37;0.32;1.6;0.029;41;102;0.98916;3.41;0.55;12.7;7;
6.2;0.21;0.18;11.6;0.044;61;155;0.99655;3.14;0.52;9.4;6;
6.8;0.3;0.29;6.2;0.025;29;95;0.99071;3.03;0.32;12.9;7;
7.3;0.41;0.29;1.8;0.032;26;74;0.98889;2.96;0.35;13;8;
5.4;0.3;0.3;1.2;0.029;25;93;0.98742;3.31;0.4;13.6;7;
6.6;0.34;0.2;1;0.053;26;112;0.99336;3.32;0.55;9.1;5;
5.6;0.25;0.19;2.4;0.049;42;166;0.992;3.25;0.43;10.4;6;
5.3;0.3;0.3;1.2;0.029;25;93;0.98742;3.31;0.4;13.6;7;
6.9;0.58;0.58;8.2;0.032;29;169;0.99275;3.28;0.44;12.2;6;
7.2;0.23;0.25;18.8;0.085;19;111;100.044;3.1;0.51;8.7;5;
7.1;0.2;0.27;9.6;0.037;19;105;0.99444;3.04;0.37;10.5;7;
6.8;0.15;0.41;12.9;0.044;79.5;183;0.99742;3.24;0.78;10.2;6;
7;0.22;0.26;9.2;0.027;37;122;0.99228;3.06;0.34;12.5;8;
6.4;0.16;0.44;1.2;0.051;39;122;0.99058;3.11;0.75;11.3;7;
6.8;0.15;0.41;12.9;0.044;79.5;183;0.99742;3.24;0.78;10.2;6;
6.8;0.31;0.3;8;0.028;33;122;0.99164;3.13;0.63;12.6;7;
6.8;0.15;0.41;12.9;0.044;79.5;183;0.99742;3.24;0.78;10.2;6;
7.6;0.3;0.37;1.6;0.087;27;177;0.99438;3.09;0.5;9.8;5;
6;0.16;0.27;12;0.03;39;98;0.99402;3.15;0.34;10.8;5;
7.1;0.21;0.35;2.5;0.04;41;186;0.99128;3.32;0.56;12.5;6;
7;0.22;0.26;9.2;0.027;37;122;0.99228;3.06;0.34;12.5;8;
5.6;0.21;0.24;4.4;0.027;37;150;0.991;3.3;0.31;11.5;7;
7.4;0.22;0.26;8.8;0.027;23;112;0.9931;2.98;0.41;11.4;6;
7.1;0.2;0.27;9.6;0.037;19;105;0.99444;3.04;0.37;10.5;7;
6.8;0.31;0.3;8;0.028;33;122;0.99164;3.13;0.63;12.6;7;
7.2;0.23;0.25;18.8;0.085;19;111;100.044;3.1;0.51;8.7;5;
6.4;0.15;0.4;1.3;0.053;61;146;0.99112;3.17;0.68;11;6;
6.4;0.16;0.44;1.2;0.051;39;122;0.99058;3.11;0.75;11.3;7;
6.8;0.15;0.41;12.9;0.044;79.5;182;0.99742;3.24;0.78;10.2;6;
6.3;0.22;0.34;1.2;0.036;32;96;0.98961;3.06;0.74;11.6;6;
7.6;0.3;0.37;1.6;0.087;27;177;0.99438;3.09;0.5;9.8;5;
7;0.3;0.27;1.5;0.076;24;145;0.99344;3.1;0.52;10.1;5;
6.6;0.26;0.22;18.15;0.05;23;139;0.99904;3.06;0.5;9.2;5;
7.5;0.24;0.31;13.1;0.05;26;180;0.99884;3.05;0.53;9.1;6;
7.5;0.24;0.31;13.1;0.05;26;180;0.99884;3.05;0.53;9.1;6;
7.5;0.24;0.31;13.1;0.05;26;180;0.99884;3.05;0.53;9.1;6;
7.5;0.24;0.31;13.1;0.05;26;180;0.99884;3.05;0.53;9.1;6;
6.6;0.15;0.34;1;0.037;45;79;0.98949;2.96;0.5;11.7;6;
6.7;0.34;0.43;1.6;0.041;29;114;0.99014;3.23;0.44;12.6;6;
7.7;0.35;0.46;11.8;0.088;61;183;0.99786;2.86;0.47;9;5;
6.7;0.31;0.09;1.4;0.039;53;141;0.99206;3.12;0.44;10.1;5;
4.7;0.67;0.09;1;0.02;5;9;0.98722;3.3;0.34;13.6;5;
7.5;0.24;0.31;13.1;0.05;26;180;0.99884;3.05;0.53;9.1;6;
6.3;0.2;0.18;10.6;0.045;57;159;0.99666;3.09;0.54;9.2;5;
6.6;0.28;0.23;10.4;0.049;45;190;0.99754;3.12;0.51;8.8;5;
8.5;0.18;0.3;1.1;0.028;34;95;0.99272;2.83;0.36;10;4;
6.5;0.35;0.38;7.4;0.036;20;196;0.99712;3.47;0.48;9.1;6;
6.8;0.22;0.26;1.2;0.041;29;182;0.99104;3.04;0.35;11.2;5;
6.3;0.18;0.24;3.4;0.053;20;119;0.99373;3.11;0.52;9.2;6;
6.6;0.26;0.22;18.15;0.05;23;139;0.99904;3.06;0.5;9.2;5;
6.6;0.3;0.45;8;0.038;54;200;0.9956;3.18;0.48;9.5;5;
6.3;0.34;0.27;2.5;0.024;40;152;0.99095;3.35;0.6;11.9;7;
7.7;0.3;0.23;2;0.068;28;138;0.99382;3.11;0.62;9.8;5;
7.7;0.31;0.23;2;0.069;29;134;0.99382;3.11;0.62;9.8;5;
5.7;0.265;0.28;6.9;0.036;46;150;0.99299;3.36;0.44;10.8;7;
5.4;0.255;0.33;1.2;0.051;29;122;0.99048;3.37;0.66;11.3;6;
6.6;0.26;0.28;9.4;0.028;13;121;0.99254;3.17;0.34;12.1;6;
4.8;0.17;0.28;2.9;0.03;22;111;0.9902;3.38;0.34;11.3;7;
5.7;0.265;0.28;6.9;0.036;46;150;0.99299;3.36;0.44;10.8;7;
6.2;0.2;0.33;5.4;0.028;21;75;0.99012;3.36;0.41;13.5;7;
7.5;0.28;0.41;1.3;0.044;11;126;0.99293;3.28;0.45;10.3;5;
6.2;0.22;0.2;20.8;0.035;58;184;100.022;3.11;0.53;9;6;
7;0.34;0.26;10.3;0.041;51;166;0.99382;3.08;0.35;11.6;6;
7.5;0.28;0.41;1.3;0.044;11;126;0.99293;3.28;0.45;10.3;5;
6.5;0.19;0.34;1.6;0.029;39;116;0.98954;3.21;0.68;12.5;6;
6;0.21;0.29;13.1;0.042;28;125;0.99936;3.39;0.45;8.6;5;
6.1;0.22;0.46;1.8;0.16;34;74;0.9884;3.19;0.33;13.4;6;
6.5;0.32;0.48;8;0.026;18;88;0.99144;3.22;0.79;12.7;4;
7.1;0.21;0.72;1.6;0.167;65;120;0.99324;2.97;0.51;9.2;5;
5.6;0.26;0.18;1.4;0.034;18;135;0.99174;3.32;0.35;10.2;6;
7;0.15;0.28;14.7;0.051;29;149;0.99792;2.96;0.39;9;7;
7;0.15;0.28;14.7;0.051;29;149;0.99792;2.96;0.39;9;7;
7;0.15;0.28;14.7;0.051;29;149;0.99792;2.96;0.39;9;7;
7;0.15;0.28;14.7;0.051;29;149;0.99792;2.96;0.39;9;7;
7;0.15;0.28;14.7;0.051;29;149;0.99792;2.96;0.39;9;7;
7;0.15;0.28;14.7;0.051;29;149;0.99792;2.96;0.39;9;7;
7;0.15;0.28;14.7;0.051;29;149;0.99792;2.96;0.39;9;7;
7.4;0.27;0.28;1.8;0.04;45;121;0.99043;3.02;0.4;11.9;5;
6.8;0.22;0.3;10.6;0.07;67;194;0.99654;2.89;0.42;9;6;
6.2;0.24;0.25;12.5;0.055;47;134;0.99758;3.3;0.51;9;5;
6.3;0.28;0.29;6.8;0.051;40;143;0.99374;3.43;0.59;11;6;
7;0.15;0.28;14.7;0.051;29;149;0.99792;2.96;0.39;9;7;
5.5;0.17;0.23;2.9;0.039;10;108;0.99243;3.28;0.5;10;5;
6.5;0.26;0.34;1.4;0.04;25;184;0.99216;3.29;0.46;10.7;5;
6.6;0.27;0.33;1.4;0.042;24;183;0.99215;3.29;0.46;10.7;5;
5.4;0.46;0.15;2.1;0.026;29;130;0.98953;3.39;0.77;13.4;8;
7.8;0.19;0.32;7.4;0.015;47;124;0.99278;2.99;0.39;11;6;
5.5;0.17;0.23;2.9;0.039;10;108;0.99243;3.28;0.5;10;5;
6.5;0.26;0.34;1.4;0.04;25;184;0.99216;3.29;0.46;10.7;5;
6.6;0.27;0.33;1.4;0.042;24;183;0.99215;3.29;0.46;10.7;5;
7.8;0.19;0.32;7.4;0.015;47;124;0.99278;2.99;0.39;11;6;
7.8;0.2;0.32;5;0.016;31;101;0.99186;2.99;0.39;11;6;
6.1;0.17;0.28;2.5;0.028;22;98;0.99072;3.16;0.37;11.1;7;
7.4;0.2;0.35;6.1;0.025;10;40;0.99244;2.79;0.52;10.9;5;
6.7;0.39;0.24;2.7;0.017;22;80;0.99084;3.03;0.37;11.5;5;
5.4;0.46;0.15;2.1;0.026;29;130;0.98953;3.39;0.77;13.4;8;
6.9;0.4;0.17;12.9;0.033;59;186;0.99754;3.08;0.49;9.4;5;
6.9;0.4;0.17;12.9;0.033;59;186;0.99754;3.08;0.49;9.4;5;
6.9;0.4;0.17;12.9;0.033;59;186;0.99754;3.08;0.49;9.4;5;
6.3;0.24;0.29;13.7;0.035;53;134;0.99567;3.17;0.38;10.6;6;
6.9;0.4;0.17;12.9;0.033;59;186;0.99754;3.08;0.49;9.4;5;
7.4;0.27;0.31;2.4;0.014;15;143;0.99094;3.03;0.65;12;4;
6.1;0.27;0.28;9.8;0.042;61;125;0.99532;3.14;0.42;10.2;6;
6.3;0.24;0.29;13.7;0.035;53;134;0.99567;3.17;0.38;10.6;6;
5;0.61;0.12;1.3;0.009;65;100;0.9874;3.26;0.37;13.5;5;
6.7;0.42;0.39;12.1;0.04;61;248;0.99794;3.31;0.58;9.7;5;
6.5;0.33;0.28;6.1;0.018;41;103;0.99122;3.24;0.32;12.2;6;
6.9;0.33;0.31;7.7;0.04;29;135;0.99226;3.11;0.57;12.3;5;
6.5;0.33;0.28;6.1;0.018;41;103;0.99122;3.24;0.32;12.2;6;
6.3;0.15;0.3;1.4;0.022;38;100;0.99099;3.42;0.57;11.4;7;
6.5;0.32;0.45;7.7;0.022;31;97;0.99134;3.2;0.7;12.7;7;
6.7;0.42;0.39;12.1;0.04;61;248;0.99794;3.31;0.58;9.7;5;
7.4;0.25;0.29;6.8;0.02;31;113;0.99338;3.13;0.29;10.8;6;
7.6;0.27;0.3;9.2;0.018;23;96;0.9938;3.08;0.29;11;6;
6.4;0.27;0.45;8.3;0.05;52;196;0.9955;3.18;0.48;9.5;5;
6.5;0.25;0.27;17.4;0.064;29;140;0.99776;3.2;0.49;10.1;6;
5.6;0.19;0.31;2.7;0.027;11;100;0.98964;3.46;0.4;13.2;7;
7.4;0.29;0.48;12.8;0.037;61.5;182;0.99808;3.02;0.34;8.8;5;
6.4;0.34;0.44;8.2;0.043;54;201;0.99551;3.18;0.48;9.5;5;
6.6;0.27;0.52;8.1;0.044;53;202;0.99548;3.18;0.48;9.5;5;
6.6;0.26;0.52;8.2;0.047;52;191;0.99541;3.16;0.47;9.5;6;
6.4;0.27;0.45;8.3;0.05;52;196;0.9955;3.18;0.48;9.5;5;
6.5;0.26;0.5;8;0.051;46;197;0.99536;3.18;0.47;9.5;5;
6.8;0.25;0.3;11.8;0.043;53;133;0.99524;3.03;0.58;10.4;6;
6.3;0.32;0.26;12;0.049;63;170;0.9961;3.14;0.55;9.9;6;
5.5;0.24;0.45;1.7;0.046;22;113;0.99224;3.22;0.48;10;5;
6.5;0.25;0.27;17.4;0.064;29;140;0.99776;3.2;0.49;10.1;6;
6.6;0.13;0.29;13.9;0.056;33;95;0.99702;3.17;0.39;9.4;6;
7;0.39;0.21;10.7;0.098;13;91;0.99657;3.03;0.47;9.3;5;
7.9;0.21;0.39;2;0.057;21;138;0.99176;3.05;0.52;10.9;5;
7;0.3;0.28;2.2;0.042;21;177;0.99166;3.2;0.57;11.4;5;
8.1;0.2;0.3;1.3;0.036;7;49;0.99242;2.99;0.73;10.3;5;
8.3;0.18;0.3;1.1;0.033;20;57;0.99109;3.02;0.51;11;6;
7.9;0.21;0.39;2;0.057;21;138;0.99176;3.05;0.52;10.9;5;
7.2;0.17;0.34;6.4;0.042;16;111;0.99278;2.99;0.4;10.8;6;
8.1;0.2;0.3;1.3;0.036;7;49;0.99242;2.99;0.73;10.3;5;
8.3;0.18;0.3;1.1;0.033;20;57;0.99109;3.02;0.51;11;6;
7;0.39;0.21;10.7;0.098;13;91;0.99657;3.03;0.47;9.3;5;
6.8;0.21;0.62;6.4;0.041;7;113;0.99358;2.96;0.59;10.2;5;
6.9;0.21;0.62;6.3;0.042;7;109;0.99358;2.96;0.59;10.2;6;
7.2;0.17;0.34;6.4;0.042;16;111;0.99278;2.99;0.4;10.8;6;
6.8;0.26;0.34;15.1;0.06;42;162;0.99705;3.24;0.52;10.5;3;
7.2;0.28;0.38;2;0.052;23;156;0.9912;3.13;0.52;11.1;5;
7.9;0.21;0.39;2;0.057;21;138;0.99176;3.05;0.52;10.9;5;
7;0.3;0.28;2.2;0.042;21;177;0.99166;3.2;0.57;11.4;5;
7.4;0.34;0.28;12.1;0.049;31;149;0.99677;3.22;0.49;10.3;5;
6.3;0.43;0.32;8.8;0.042;18;106;0.99172;3.28;0.33;12.9;7;
6.8;0.41;0.3;8.8;0.045;28;131;0.9953;3.12;0.59;9.9;5;
6.3;0.4;0.24;5.1;0.036;43;131;0.99186;3.24;0.44;11.3;6;
5.1;0.35;0.26;6.8;0.034;36;120;0.99188;3.38;0.4;11.5;6;
5.1;0.35;0.26;6.8;0.034;36;120;0.99188;3.38;0.4;11.5;6;
6.3;0.3;0.2;3.7;0.039;34;132;0.99158;3;0.38;10.7;5;
6.9;0.28;0.28;12.2;0.042;52;139;0.99522;3.03;0.56;10.4;6;
7;0.33;0.28;5.7;0.033;39;204;0.99176;3.17;0.64;12.5;6;
6.7;0.26;0.49;8.1;0.052;48;197;0.99558;3.19;0.48;9.5;5;
7.3;0.24;0.3;2.5;0.042;31;104;0.9911;3.05;0.56;11.3;7;
6.7;0.46;0.21;4;0.034;12;88;0.99016;3.26;0.54;13;6;
5.1;0.35;0.26;6.8;0.034;36;120;0.99188;3.38;0.4;11.5;6;
5.1;0.23;0.18;1;0.053;13;99;0.98956;3.22;0.39;11.5;5;
6.3;0.4;0.24;5.1;0.036;43;131;0.99186;3.24;0.44;11.3;6;
7.1;0.44;0.23;5.8;0.035;24;100;0.99062;3.15;0.57;13.2;7;
4.8;0.26;0.23;10.6;0.034;23;111;0.99274;3.46;0.28;11.5;7;
6.8;0.31;0.19;3.5;0.086;30;130;0.993;2.83;0.44;9.6;5;
6.8;0.31;0.19;3.5;0.086;30;130;0.993;2.83;0.44;9.6;5;
7;0.15;0.29;16.4;0.058;45;110;0.9978;3.15;0.37;9.7;6;
6.5;0.41;0.22;4.8;0.052;49;142;0.9946;3.14;0.62;9.2;5;
6.2;0.31;0.23;3.3;0.052;34;113;0.99429;3.16;0.48;8.4;5;
8;0.27;0.33;1.2;0.05;41;103;0.99002;3;0.45;12.4;6;
8;0.27;0.33;1.2;0.05;41;103;0.99002;3;0.45;12.4;6;
6.5;0.41;0.22;4.8;0.052;49;142;0.9946;3.14;0.62;9.2;5;
6.2;0.31;0.23;3.3;0.052;34;113;0.99429;3.16;0.48;8.4;5;
6.7;0.37;0.25;2.5;0.028;24;84;0.9909;3.14;0.36;11.7;6;
6.6;0.21;0.5;8.7;0.036;41;191;0.99294;2.96;0.56;11;6;
7.5;0.26;0.31;1.6;0.032;36;109;0.99044;2.97;0.43;11.9;6;
7.5;0.34;0.28;4;0.028;46;100;0.98958;3.2;0.5;13.2;7;
6.7;0.37;0.25;2.5;0.028;24;84;0.9909;3.14;0.36;11.7;6;
6.4;0.32;0.23;16.2;0.055;36;176;0.9986;3.26;0.54;9.1;5;
6.7;0.24;0.32;9;0.023;20;109;0.99262;3.34;0.35;12.6;6;
6.4;0.32;0.23;16.2;0.055;36;176;0.9986;3.26;0.54;9.1;5;
7.1;0.39;0.79;1.4;0.194;23;90;0.99212;3.17;0.46;10.5;6;
8.2;0.31;0.43;7;0.047;18;87;0.99628;3.23;0.64;10.6;5;
6.7;0.24;0.32;9;0.023;20;109;0.99262;3.34;0.35;12.6;6;
5.9;0.17;0.29;3.1;0.03;32;123;0.98913;3.41;0.33;13.7;7;
5.9;0.2;0.23;1.5;0.037;38;93;0.99021;3.36;0.49;12;6;
6.6;0.32;0.26;4.6;0.031;26;120;0.99198;3.4;0.73;12.5;7;
5.9;0.12;0.27;4.8;0.03;40;110;0.99226;3.55;0.68;12.1;6;
5.9;0.18;0.29;4.6;0.032;68;137;0.99159;3.21;0.38;11.3;6;
5.9;0.2;0.23;1.5;0.037;38;93;0.99021;3.36;0.49;12;6;
5.4;0.17;0.27;2.7;0.049;28;104;0.99224;3.46;0.55;10.3;6;
6.1;0.21;0.3;6.3;0.039;47;136;0.99068;3.27;0.31;12.7;6;
7.3;0.25;0.26;7.2;0.048;52;207;0.99587;3.12;0.37;9.2;5;
7.3;0.25;0.26;7.2;0.048;52;207;0.99587;3.12;0.37;9.2;5;
6.2;0.22;0.3;12.4;0.054;108;152;0.99728;3.1;0.47;9.5;6;
6.5;0.27;0.19;6.6;0.045;98;175;0.99364;3.16;0.34;10.1;6;
6.5;0.27;0.19;6.6;0.045;98;175;0.99364;3.16;0.34;10.1;6;
6.6;0.39;0.22;4;0.038;17;98;0.99018;3.25;0.53;13;7;
6;0.31;0.38;4.8;0.04;41;101;0.98968;3.24;0.56;13.1;6;
8.4;0.23;0.32;1.3;0.048;59;113;0.99178;3.1;0.55;11;6;
7.3;0.25;0.26;7.2;0.048;52;207;0.99587;3.12;0.37;9.2;5;
6;0.22;0.25;11.1;0.056;112;177;0.9961;3.08;0.36;9.4;6;
6.2;0.22;0.3;12.4;0.054;108;152;0.99728;3.1;0.47;9.5;6;
6.1;0.23;0.27;9.8;0.055;74;134;0.99534;3.16;0.4;10.2;6;
6.5;0.27;0.19;6.6;0.045;98;175;0.99364;3.16;0.34;10.1;6;
7.3;0.36;0.54;13.3;0.054;63;193;0.99864;3.06;0.49;8.6;4;
7.6;0.37;0.51;11.7;0.094;58;181;0.99776;2.91;0.51;9;5;
6.7;0.26;0.51;8;0.062;50;194;0.99545;3.13;0.5;9.6;5;
7.4;0.22;0.27;1.6;0.057;45;98;0.99299;3.29;0.44;9.9;7;
6.1;0.22;0.28;16.55;0.059;54;135;0.99665;3.2;0.38;10.5;5;
7.1;0.28;0.31;1.5;0.053;20;98;0.99069;3.15;0.5;11.4;5;
6.5;0.35;0.31;10.2;0.069;58;170;0.99692;3.18;0.49;9.4;5;
6.8;0.73;0.2;6.6;0.054;25;65;0.99324;3.12;0.28;11.1;4;
6;0.28;0.24;17.8;0.047;42;111;0.99896;3.1;0.45;8.9;6;
6;0.28;0.24;17.8;0.047;42;111;0.99896;3.1;0.45;8.9;6;
7.1;0.2;0.37;1.5;0.049;28;129;0.99226;3.15;0.52;10.8;5;
6.8;0.33;0.31;7.4;0.045;34;143;0.99226;3.06;0.55;12.2;6;
6;0.28;0.24;17.8;0.047;42;111;0.99896;3.1;0.45;8.9;6;
7.2;0.24;0.36;2;0.029;21;63;0.99076;3.13;0.63;12.5;6;
6.8;0.33;0.31;7.4;0.045;34;143;0.99226;3.06;0.55;12.2;6;
7.2;0.24;0.36;2;0.029;21;63;0.99076;3.13;0.63;12.5;6;
6;0.28;0.24;17.8;0.047;42;111;0.99896;3.1;0.45;8.9;6;
6.2;0.27;0.26;12.1;0.046;43;127;0.9951;3.16;0.37;10.8;6;
6.4;0.38;0.26;8.2;0.043;28;98;0.99234;2.99;0.31;11.4;6;
7.1;0.2;0.37;1.5;0.049;28;129;0.99226;3.15;0.52;10.8;5;
6;0.21;0.3;8.7;0.036;47;127;0.99368;3.18;0.39;10.6;5;
7;0.34;0.1;3.5;0.044;17;63;0.9937;3.01;0.39;9.2;5;
5.9;0.435;0.16;6.4;0.031;21;134;0.99151;3.24;0.46;12.2;6;
7;0.25;0.33;2.1;0.021;17;76;0.99021;3.26;0.45;12.3;6;
6.7;0.26;0.29;7.7;0.038;40;179;0.99479;3.23;0.56;10.4;6;
7;0.24;0.3;12.3;0.035;72;172;0.9954;2.99;0.57;10.4;6;
8.5;0.23;0.34;1.3;0.035;54;110;0.99176;3.07;0.55;11;7;
6;0.21;0.3;8.7;0.036;47;127;0.99368;3.18;0.39;10.6;5;
7;0.34;0.1;3.5;0.044;17;63;0.9937;3.01;0.39;9.2;5;
4.8;0.65;0.12;1.1;0.013;4;10;0.99246;3.32;0.36;13.5;4;
6.1;0.22;0.38;2.8;0.144;12;65;0.9908;2.95;0.64;11.4;6;
5.8;0.27;0.26;3.5;0.071;26;69;0.98994;3.1;0.38;11.5;6;
5;0.455;0.18;1.9;0.036;33;106;0.98746;3.21;0.83;14;7;
6.5;0.33;0.3;3.8;0.036;34;88;0.99028;3.25;0.63;12.5;7;
6.5;0.33;0.3;3.8;0.036;34;88;0.99028;3.25;0.63;12.5;7;
6.7;0.31;0.3;2.4;0.038;30;83;0.98867;3.09;0.36;12.8;7;
6.2;0.39;0.24;4.8;0.037;45;138;0.99174;3.23;0.43;11.2;7;
6.2;0.39;0.24;4.8;0.037;45;138;0.99174;3.23;0.43;11.2;7;
7.1;0.37;0.3;6.2;0.04;49;139;0.99021;3.17;0.27;13.6;6;
7.2;0.23;0.82;1.3;0.149;70;109;0.99304;2.93;0.42;9.2;6;
6.5;0.33;0.3;3.8;0.036;34;88;0.99028;3.25;0.63;12.5;7;
7.2;0.25;0.32;1.5;0.054;24;105;0.99154;3.17;0.48;11.1;6;
6.2;0.39;0.24;4.8;0.037;45;138;0.99174;3.23;0.43;11.2;7;
4.7;0.455;0.18;1.9;0.036;33;106;0.98746;3.21;0.83;14;7;
7.1;0.37;0.3;6.2;0.04;49;139;0.99021;3.17;0.27;13.6;6;
6.2;0.28;0.51;7.9;0.056;49;206;0.9956;3.18;0.52;9.4;5;
6.4;0.35;0.28;1.6;0.037;31;113;0.98779;3.12;0.4;14.2;7;
6.6;0.31;0.28;1.4;0.035;28;107;0.98836;3;0.4;13.2;6;
7.4;0.25;0.37;2.6;0.05;24;132;0.99138;3.04;0.53;11.2;6;
7.3;0.36;0.34;14.8;0.057;46;173;0.99751;3.14;0.57;10.2;5;
6.7;0.31;0.3;2.4;0.038;30;83;0.98867;3.09;0.36;12.8;7;
8.6;0.31;0.3;0.9;0.045;16;109;0.99249;2.95;0.39;10.1;5;
8.6;0.31;0.3;0.9;0.045;16;109;0.99249;2.95;0.39;10.1;5;
8.6;0.22;0.33;1.2;0.031;38;95;0.99239;2.83;0.31;10.3;5;
6.9;0.14;0.29;9.9;0.056;30;91;0.99512;3.19;0.33;9.9;6;
6.5;0.22;0.31;3.9;0.046;17;106;0.99098;3.15;0.31;11.5;5;
6.6;0.32;0.47;15.6;0.063;27;173;0.99872;3.18;0.56;9;5;
6.6;0.32;0.47;15.6;0.063;27;173;0.99872;3.18;0.56;9;5;
6.1;0.28;0.26;1.5;0.03;25;101;0.98894;3.03;0.41;12.1;6;
6.2;0.3;0.28;1.6;0.036;28;106;0.988245;3.14;0.41;13.3;6;
6.9;0.22;0.28;7.8;0.05;43;116;0.99326;3.22;0.6;11.5;8;
8.7;0.31;0.21;5.6;0.039;28;67;0.99328;2.96;0.52;11;4;
7.3;0.27;0.3;1.3;0.04;26;84;0.99222;3.28;0.53;10.7;6;
7;0.46;0.2;16.7;0.046;50;184;0.99898;3.08;0.56;9.4;5;
5.7;0.23;0.25;7.95;0.042;16;108;0.99486;3.44;0.61;10.3;6;
6.5;0.36;0.36;6.7;0.185;51.5;151;0.99528;3.17;0.42;9.3;5;
8.2;0.18;0.38;1.1;0.04;41;92;0.99062;2.88;0.6;12;6;
6.2;0.27;0.32;6.3;0.048;47;159;0.99282;3.21;0.6;11;6;
6.9;0.4;0.37;8.9;0.053;36;148;0.996;3.16;0.5;9.3;5;
4.9;0.345;0.34;1;0.068;32;143;0.99138;3.24;0.4;10.1;5;
7.2;0.23;0.39;1.5;0.053;26;106;0.99166;3.18;0.47;11.1;6;
6.4;0.2;0.15;6.6;0.046;26;113;0.99408;2.99;0.58;9.9;6;
6.1;0.27;0.32;6.2;0.048;47;161;0.99281;3.22;0.6;11;6;
6.2;0.27;0.32;6.3;0.048;47;159;0.99282;3.21;0.6;11;6;
6;0.3;0.33;2.1;0.042;31;127;0.98964;3.32;0.42;12.5;6;
6.1;0.3;0.32;2.2;0.042;41;142;0.98952;3.31;0.44;12.7;7;
5.7;0.14;0.3;5.4;0.045;26;105;0.99469;3.32;0.45;9.3;5;
6.9;0.4;0.37;8.9;0.053;36;148;0.996;3.16;0.5;9.3;5;
4.9;0.345;0.34;1;0.068;32;143;0.99138;3.24;0.4;10.1;5;
6.3;0.33;0.2;17.9;0.066;36;161;0.9991;3.14;0.51;8.8;5;
7;0.16;0.3;2.6;0.043;34;90;0.99047;2.88;0.47;11.2;6;
8.4;0.22;0.3;1.3;0.038;45;122;0.99178;3.13;0.54;10.8;7;
6.3;0.33;0.2;17.9;0.066;36;161;0.9991;3.14;0.51;8.8;5;
7;0.16;0.3;2.6;0.043;34;90;0.99047;2.88;0.47;11.2;6;
5.4;0.24;0.18;2.3;0.05;22;145;0.99207;3.24;0.46;10.3;5;
7.7;0.31;0.36;4.3;0.026;15;87;0.99152;3.11;0.48;12;5;
5.6;0.185;0.19;7.1;0.048;36;110;0.99438;3.26;0.41;9.5;6;
5.6;0.185;0.19;7.1;0.048;36;110;0.99438;3.26;0.41;9.5;6;
6.6;0.43;0.24;11.9;0.04;54;159;0.99622;3.14;0.54;9.8;6;
7.6;0.39;0.46;11.7;0.084;55;170;0.99773;2.91;0.51;9;5;
7.2;0.58;0.27;5.8;0.032;40;118;0.99088;3.17;0.53;13;7;
6;0.34;0.32;3.8;0.044;13;116;0.99108;3.39;0.44;11.8;7;
7.5;0.35;0.48;12.4;0.056;61;176.5;0.99803;2.97;0.52;8.8;5;
7.3;0.38;0.23;6.5;0.05;18;102;0.99304;3.1;0.55;11.2;4;
5.4;0.185;0.19;7.1;0.048;36;110;0.99438;3.26;0.41;9.5;6;
6.3;0.27;0.51;7.6;0.049;35;200;0.99548;3.16;0.54;9.4;4;
6.5;0.29;0.52;7.9;0.049;35;192;0.99551;3.16;0.51;9.5;6;
6.4;0.17;0.3;2.8;0.034;33;125;0.99152;3.03;0.49;10.4;6;
6.7;0.18;0.31;10.6;0.035;42;143;0.99572;3.08;0.49;9.8;7;
6.4;0.17;0.3;2.8;0.034;33;125;0.99152;3.03;0.49;10.4;6;
6.8;0.37;0.67;1.5;0.175;16;98;0.99244;3.06;0.56;10.3;6;
6.3;0.27;0.51;7.6;0.049;35;200;0.99548;3.16;0.54;9.4;4;
6.5;0.29;0.52;7.9;0.049;35;192;0.99551;3.16;0.51;9.5;6;
6.1;0.24;0.26;1.7;0.033;61;134;0.9903;3.19;0.81;11.9;7;
7;0.32;0.29;7.6;0.025;35;124;0.99162;3.15;0.65;12.8;7;
6.9;0.27;0.25;7.5;0.03;18;117;0.99116;3.09;0.38;13;6;
6.5;0.29;0.53;1.7;0.04;41;192;0.9922;3.26;0.59;10.4;7;
6.5;0.29;0.52;1.7;0.034;41;193;0.99223;3.25;0.59;10.4;6;
6.1;0.22;0.25;12.1;0.035;54;135;0.99481;3.21;0.4;10.7;5;
6.3;0.22;0.27;4.5;0.036;81;157;0.9928;3.05;0.76;10.7;7;
6.1;0.24;0.26;1.7;0.033;61;134;0.9903;3.19;0.81;11.9;7;
5.6;0.23;0.25;8;0.043;31;101;0.99429;3.19;0.42;10.4;6;
7;0.32;0.29;7.6;0.025;35;124;0.99162;3.15;0.65;12.8;7;
6.8;0.11;0.27;8.6;0.044;45;104;0.99454;3.2;0.37;9.9;6;
6.8;0.11;0.27;8.6;0.044;45;104;0.99454;3.2;0.37;9.9;6;
7.3;0.23;0.41;14.6;0.048;73;223;0.99863;3.16;0.71;9.4;6;
6.1;0.2;0.17;1.6;0.048;46;129;0.991;3.3;0.43;11.4;6;
6.8;0.11;0.27;8.6;0.044;45;104;0.99454;3.2;0.37;9.9;6;
7.3;0.23;0.41;14.6;0.048;73;223;0.99863;3.16;0.71;9.4;6;
6.9;0.2;0.41;1.1;0.06;36;104;0.99317;2.99;0.39;9.2;5;
6.7;0.19;0.32;3.7;0.041;26;76;0.99173;2.9;0.57;10.5;7;
6.7;0.28;0.34;8.9;0.048;32;111;0.99455;3.25;0.54;11;7;
6.7;0.28;0.34;8.9;0.048;32;111;0.99455;3.25;0.54;11;7;
8;0.37;0.31;4.7;0.038;3;127;0.99186;2.9;0.72;12.1;5;
6.7;0.28;0.34;8.9;0.048;32;111;0.99455;3.25;0.54;11;7;
6;0.26;0.29;3.1;0.041;37;144;0.98944;3.22;0.39;12.8;7;
6.4;0.24;0.49;5.8;0.053;25;120;0.9942;3.01;0.98;10.5;6;
6.4;0.24;0.49;5.8;0.053;25;120;0.9942;3.01;0.98;10.5;6;
6.4;0.24;0.49;5.8;0.053;25;120;0.9942;3.01;0.98;10.5;6;
6.4;0.25;0.57;1;0.062;21;122;0.99238;3;0.4;9.5;5;
6.1;0.25;0.48;15.8;0.052;25;94;0.99782;3.07;0.45;9.2;6;
6.8;0.14;0.35;1.5;0.047;40;117;0.99111;3.07;0.72;11.1;6;
6.5;0.38;0.26;5.2;0.042;33;112;0.99067;3.06;0.5;12.3;7;
6.8;0.14;0.35;1.5;0.047;40;117;0.99111;3.07;0.72;11.1;6;
5.4;0.15;0.32;2.5;0.037;10;51;0.98878;3.04;0.58;12.6;6;
6.4;0.25;0.57;1;0.062;21;122;0.99238;3;0.4;9.5;5;
6.1;0.25;0.48;15.8;0.052;25;94;0.99782;3.07;0.45;9.2;6;
6.8;0.22;0.32;5.9;0.054;40;152;0.9938;3.2;0.57;10.8;6;
7.2;0.21;0.29;3.1;0.044;39;122;0.99143;3;0.6;11.3;6;
6;0.26;0.29;3.1;0.041;37;144;0.98944;3.22;0.39;12.8;7;
6.4;0.24;0.49;5.8;0.053;25;120;0.9942;3.01;0.98;10.5;6;
6.5;0.46;0.24;11.5;0.051;56;171;0.99588;3.08;0.56;9.8;6;
6.5;0.18;0.48;18;0.054;56;183;100.038;2.98;0.61;8.5;6;
6.2;0.32;0.12;4.8;0.054;6;97;0.99424;3.16;0.5;9.3;5;
7.2;0.4;0.24;8.5;0.055;45;151;0.99626;3.2;0.52;9.2;5;
5.9;0.23;0.24;1.6;0.037;32;115;0.99076;3.21;0.51;11.4;6;
6.4;0.18;0.48;18;0.054;56;183;100.038;2.98;0.61;8.5;6;
6.2;0.32;0.12;4.8;0.054;6;97;0.99424;3.16;0.5;9.3;5;
6.4;0.37;0.12;5.9;0.056;6;91;0.99536;3.06;0.46;8.4;4;
7;0.23;0.42;1.1;0.062;35;100;0.99318;3.04;0.4;9.2;5;
7.2;0.4;0.24;8.5;0.055;45;151;0.99626;3.2;0.52;9.2;5;
7.6;0.19;0.37;13.1;0.033;52;151;0.99726;3.18;0.79;10.4;6;
6;0.28;0.27;4.1;0.046;50;147;0.99126;3.27;0.56;11.6;6;
6.2;0.32;0.45;2.9;0.029;37;94;0.98998;3.25;0.6;12.4;6;
7.6;0.19;0.37;13.1;0.033;52;151;0.99726;3.18;0.79;10.4;6;
6.4;0.26;0.26;1.1;0.052;22;176;0.99304;3.09;0.54;9.3;5;
5.9;0.25;0.27;1.5;0.029;37;81;0.9892;3.2;0.46;12.2;6;
6.1;0.28;0.3;7.75;0.031;33;139;0.99296;3.22;0.46;11;6;
6.9;0.19;0.38;1.15;0.023;30;105;0.99047;3.11;0.38;11.4;5;
6.4;0.29;0.57;1;0.06;15;120;0.9924;3.06;0.41;9.5;5;
6.8;0.27;0.22;17.8;0.034;16;116;0.9989;3.07;0.53;9.2;5;
7.5;0.26;0.38;5.7;0.021;23;125;0.99338;3.13;0.62;11.1;6;
6.8;0.27;0.22;17.8;0.034;16;116;0.9989;3.07;0.53;9.2;5;
6.4;0.2;0.22;7.4;0.032;53;172;0.99404;3.24;0.58;11;6;
7.3;0.33;0.22;1.4;0.041;40;177;0.99287;3.14;0.48;9.9;5;
7.3;0.34;0.22;1.4;0.044;43;176;0.99286;3.14;0.46;9.9;5;
6.4;0.29;0.57;1;0.06;15;120;0.9924;3.06;0.41;9.5;5;
6.1;1.1;0.16;4.4;0.033;8;109;0.99058;3.35;0.47;12.4;4;
6.3;0.24;0.29;1.6;0.052;48;185;0.9934;3.21;0.5;9.4;5;
6.2;0.24;0.22;7.9;0.053;45;149;0.99545;3.23;0.52;9.3;5;
7.4;0.16;0.27;15.5;0.05;25;135;0.9984;2.9;0.43;8.7;7;
7.4;0.16;0.27;15.5;0.05;25;135;0.9984;2.9;0.43;8.7;7;
7.4;0.16;0.27;15.5;0.05;25;135;0.9984;2.9;0.43;8.7;7;
7.4;0.16;0.27;15.5;0.05;25;135;0.9984;2.9;0.43;8.7;7;
7.2;0.17;0.28;17.55;0.05;33;154;0.99971;2.94;0.43;9;7;
6.9;0.19;0.35;13.5;0.038;49;118;0.99546;3;0.63;10.7;6;
6.9;0.19;0.35;13.5;0.038;49;118;0.99546;3;0.63;10.7;6;
6.8;0.16;0.36;1.3;0.034;32;98;0.99058;3.02;0.58;11.3;6;
7.4;0.16;0.27;15.5;0.05;25;135;0.9984;2.9;0.43;8.7;7;
6.8;0.3;0.27;11.6;0.028;22;97;0.99314;2.96;0.38;11.7;6;
6.2;0.24;0.22;7.9;0.053;45;149;0.99545;3.23;0.52;9.3;5;
7.4;0.16;0.27;15.5;0.05;25;135;0.9984;2.9;0.43;8.7;7;
7.2;0.17;0.28;17.55;0.05;33;154;0.99971;2.94;0.43;9;7;
6.8;0.3;0.27;11.6;0.028;22;97;0.99314;2.96;0.38;11.7;6;
6.5;0.43;0.18;13.15;0.032;25;131;0.99565;3.23;0.51;10.7;5;
6.6;0.17;0.36;1.9;0.036;38;110;0.99056;3.05;0.54;11.4;6;
6.9;0.19;0.35;13.5;0.038;49;118;0.99546;3;0.63;10.7;6;
6.8;0.16;0.36;1.3;0.034;32;98;0.99058;3.02;0.58;11.3;6;
6.4;0.41;0.01;6.1;0.048;20;70;0.99362;3.19;0.42;10;5;
6.4;0.41;0.01;6.1;0.048;20;70;0.99362;3.19;0.42;10;5;
7.4;0.36;0.32;1.9;0.036;27;119;0.99196;3.15;0.49;11.2;6;
6.1;0.17;0.21;1.9;0.09;44;130;0.99255;3.07;0.41;9.7;5;
5.5;0.28;0.21;1.6;0.032;23;85;0.99027;3.42;0.42;12.5;5;
6.6;0.5;0.26;11.3;0.029;32;110;0.99302;3.27;0.78;12.9;8;
7.1;0.44;0.27;8.4;0.057;60;160;0.99257;3.16;0.36;11.8;6;
6.9;0.38;0.28;8.3;0.062;22;166;0.99506;3.16;0.72;10.6;5;
7.1;0.44;0.27;8.4;0.057;60;160;0.99257;3.16;0.36;11.8;6;
6.2;0.24;0.28;12.2;0.049;54;133;0.9952;3.19;0.37;10.7;6;
6.1;0.28;0.27;8;0.048;41;162;0.99498;3.21;0.51;9.9;5;
7.6;0.26;0.32;1.3;0.048;23;76;0.9903;2.96;0.46;12;6;
7.5;0.16;0.38;12.7;0.043;70.5;163;0.99706;3.15;0.82;10.4;7;
6.5;0.36;0.16;1.3;0.054;11;107;0.99398;3.19;0.39;8.5;5;
6.6;0.35;0.19;10.5;0.06;15;82;0.99588;3.13;0.38;9.9;4;
5.7;0.25;0.26;12.5;0.049;52.5;120;0.99691;3.08;0.45;9.4;6;
7.4;0.37;0.26;9.6;0.05;33;134;0.99608;3.13;0.46;10.4;5;
5.7;0.25;0.21;1.5;0.044;21;108;0.99142;3.3;0.59;11;6;
5.8;0.23;0.21;1.5;0.044;21;110;0.99138;3.3;0.57;11;6;
5.4;0.265;0.28;7.8;0.052;27;91;0.99432;3.19;0.38;10.4;6;
5.7;0.25;0.27;10.8;0.05;58;116;0.99592;3.1;0.5;9.8;6;
5.7;0.25;0.26;12.5;0.049;52.5;106;0.99691;3.08;0.45;9.4;6;
5.9;0.23;0.28;8.6;0.046;37;142;0.99432;3.23;0.53;10.6;6;
6.2;0.3;0.32;1.2;0.052;32;185;0.99266;3.28;0.44;10.1;5;
6.5;0.33;0.24;14.5;0.048;20;96;0.99456;3.06;0.3;11.5;8;
7.4;0.26;0.29;3.7;0.048;14;73;0.9915;3.06;0.45;11.4;6;
7;0.2;0.4;1.1;0.058;30;93;0.99322;3.03;0.38;9.2;6;
6.5;0.21;0.42;1.1;0.059;33;101;0.9927;3.12;0.38;9.7;6;
7.3;0.25;0.27;3.8;0.047;16;79;0.99173;3.07;0.46;11.3;6;
6.8;0.27;0.24;4.6;0.098;36;127;0.99412;3.15;0.49;9.6;6;
6.7;0.24;0.3;10.2;0.07;44;179;0.99666;2.86;0.46;8.9;6;
6.4;0.14;0.28;7.9;0.057;21;82;0.99425;3.26;0.36;10;6;
6.4;0.5;0.2;2.4;0.059;19;112;0.99314;3.18;0.4;9.2;6;
6.6;0.41;0.27;10.7;0.11;20;103;0.99672;3.08;0.41;9;6;
6.4;0.25;0.28;4.9;0.03;29;98;0.99024;3.09;0.58;12.8;7;
6.6;0.41;0.27;10.7;0.11;20;103;0.99672;3.08;0.41;9;6;
8;0.25;0.35;1.1;0.054;13;136;0.99366;3.08;0.55;9.5;5;
6.4;0.14;0.28;7.9;0.057;21;82;0.99425;3.26;0.36;10;6;
6.6;0.21;0.34;5.6;0.046;30;140;0.99299;3.22;0.38;11;5;
6.4;0.5;0.2;2.4;0.059;19;112;0.99314;3.18;0.4;9.2;6;
6.3;0.29;0.23;14.2;0.037;24;99;0.99528;3.08;0.38;10.6;6;
6.9;0.37;0.23;9.5;0.057;54;166;0.99568;3.23;0.42;10;5;
6.9;0.37;0.23;9.5;0.057;54;166;0.99568;3.23;0.42;10;5;
5.7;0.31;0.28;4.1;0.03;22;86;0.99062;3.31;0.38;11.7;7;
6.9;0.45;0.27;4.7;0.035;17;80;0.99058;3.12;0.36;12.5;7;
6.9;0.3;0.45;1.4;0.039;36;122;0.99059;3.07;0.47;11.1;7;
5.3;0.23;0.56;0.9;0.041;46;141;0.99119;3.16;0.62;9.7;5;
6.8;0.3;0.26;20.3;0.037;45;150;0.99727;3.04;0.38;12.3;6;
6.7;0.28;0.42;3.5;0.035;43;105;0.99021;3.18;0.38;12.2;6;
5;0.255;0.22;2.7;0.043;46;153;0.99238;3.75;0.76;11.3;6;
7.6;0.4;0.27;1.2;0.053;23;193;0.99164;3.22;0.38;11.6;5;
5.5;0.21;0.25;1.2;0.04;18;75;0.99006;3.31;0.56;11.3;6;
6;0.2;0.25;2;0.041;30;95;0.99078;3.27;0.56;11.1;6;
6.1;0.17;0.29;1.1;0.041;32;92;0.99036;3.26;0.57;11.2;6;
7.5;0.21;0.29;1.5;0.046;35;107;0.99123;3.15;0.45;11.3;6;
7.3;0.26;0.32;1.2;0.041;29;94;0.98978;3.07;0.45;12;6;
6.2;0.35;0.2;18.1;0.069;33;158;0.99908;3.15;0.5;8.8;6;
6.2;0.35;0.2;18.1;0.069;33;158;0.99908;3.15;0.5;8.8;6;
6.5;0.43;0.31;3.6;0.046;19;143;0.99022;3.15;0.34;12;8;
6.5;0.4;0.31;3.5;0.046;22;147;0.99024;3.15;0.31;12;7;
7.4;0.28;0.5;12.1;0.049;48;122;0.9973;3.01;0.44;9;5;
6.3;0.23;0.22;17.45;0.054;42;151;0.99853;3.12;0.6;9.3;6;
6.2;0.34;0.25;12.1;0.059;33;171;0.99769;3.14;0.56;8.7;6;
6.6;0.44;0.32;3;0.095;13;75;0.98954;3.1;0.63;12.8;6;
6;0.13;0.36;1.6;0.052;23;72;0.98974;3.1;0.5;11.5;7;
6.3;0.17;0.23;5.7;0.048;44;147;0.99382;3.08;0.54;10;5;
6.3;0.18;0.22;5.6;0.047;45;147;0.99383;3.09;0.54;10;5;
6.7;0.31;0.34;6.8;0.059;51;215;0.99538;3.33;0.56;10.3;5;
6.6;0.33;0.32;15.6;0.054;62;227;0.99734;3.25;0.56;10.4;5;
6.3;0.34;0.31;6;0.02;18;68;0.98981;3.22;0.29;13.4;7;
6.8;0.29;0.32;1.8;0.032;18;130;0.99095;3.05;0.62;11.2;6;
7.4;0.31;0.26;8.6;0.048;47;206;0.9964;3.26;0.36;9.1;5;
7.4;0.31;0.26;8.6;0.048;47;206;0.9964;3.26;0.36;9.1;5;
5.7;0.25;0.27;11.5;0.04;24;120;0.99411;3.33;0.31;10.8;6;
6.8;0.27;0.28;7.8;0.038;26;89;0.9915;3.24;0.34;12.5;6;
5.9;0.26;0.24;2.4;0.046;27;132;0.99234;3.63;0.73;11.3;5;
5.9;0.65;0.23;5;0.035;20;128;0.99016;3.46;0.48;12.8;6;
7.4;0.31;0.26;8.6;0.048;47;206;0.9964;3.26;0.36;9.1;5;
6.6;0.23;0.32;1.5;0.041;8;72;0.98949;3.22;0.39;12.7;6;
6.8;0.18;0.35;5.4;0.054;53;143;0.99287;3.1;0.54;11;7;
6.8;0.28;0.29;11.9;0.052;51;149;0.99544;3.02;0.58;10.4;6;
6.8;0.28;0.29;11.9;0.052;51;149;0.99544;3.02;0.58;10.4;6;
5.9;0.27;0.27;9;0.051;43;136;0.9941;3.25;0.53;10.7;6;
6.1;0.25;0.28;10;0.055;56;131;0.994;3.22;0.35;10.9;6;
6.8;0.28;0.29;11.9;0.052;51;149;0.99544;3.02;0.58;10.4;6;
6.8;0.26;0.29;11.9;0.052;54;160;0.99546;3.03;0.58;10.4;6;
7.1;0.13;0.29;15.5;0.064;56;115.5;0.99737;3.16;0.41;9.7;7;
6.8;0.18;0.35;5.4;0.054;53;143;0.99287;3.1;0.54;11;7;
6.2;0.2;0.25;15;0.055;8;120;0.99767;3.19;0.53;9.6;6;
5.8;0.24;0.28;1.4;0.038;40;76;0.98711;3.1;0.29;13.9;7;
7.6;0.48;0.31;9.4;0.046;6;194;0.99714;3.07;0.61;9.4;5;
7.4;0.26;0.32;3.7;0.032;29;193;0.99134;3.1;0.67;12.5;6;
6.2;0.2;0.25;15;0.055;8;120;0.99767;3.19;0.53;9.6;6;
6.1;0.3;0.47;1.4;0.049;50;187;0.9927;3.19;0.45;9.5;5;
6.2;0.32;0.5;6.5;0.048;61;186;0.9948;3.19;0.45;9.6;5;
6.1;0.3;0.47;1.4;0.049;50;187;0.9927;3.19;0.45;9.5;5;
6.3;0.34;0.52;6.3;0.047;63;186;0.99481;3.18;0.44;9.6;5;
7.4;0.16;0.3;13.7;0.056;33;168;0.99825;2.9;0.44;8.7;7;
7.4;0.16;0.3;13.7;0.056;33;168;0.99825;2.9;0.44;8.7;7;
7.4;0.16;0.3;13.7;0.056;33;168;0.99825;2.9;0.44;8.7;7;
7.4;0.16;0.3;13.7;0.056;33;168;0.99825;2.9;0.44;8.7;7;
7.4;0.16;0.3;13.7;0.056;33;168;0.99825;2.9;0.44;8.7;7;
7.4;0.16;0.3;13.7;0.056;33;168;0.99825;2.9;0.44;8.7;7;
7.2;0.26;0.38;1.5;0.061;12;120;0.99192;3.18;0.46;10.4;5;
7;0.31;0.35;1.6;0.063;13;119;0.99184;3.22;0.5;10.7;5;
6.6;0.22;0.35;1.4;0.05;23;83;0.99019;3.17;0.48;12;7;
5.8;0.23;0.31;3.5;0.044;35;158;0.98998;3.19;0.37;12.1;7;
6.3;0.17;0.32;1;0.04;39;118;0.98886;3.31;0.4;13.1;8;
6;0.19;0.26;1.4;0.039;30;104;0.98998;3.32;0.41;12.4;6;
6.7;0.21;0.34;1.5;0.035;45;123;0.98949;3.24;0.36;12.6;7;
7.4;0.16;0.3;13.7;0.056;33;168;0.99825;2.9;0.44;8.7;7;
6.6;0.22;0.37;1.6;0.04;31;101;0.99009;3.15;0.66;12;5;
6.8;0.34;0.27;5.2;0.06;14;169;0.99252;3.27;0.57;11.6;6;
7.1;0.34;0.86;1.4;0.174;36;99;0.99288;2.92;0.5;9.3;5;
6.3;0.24;0.22;11.9;0.05;65;179;0.99659;3.06;0.58;9.3;6;
6.9;0.35;0.39;2.4;0.048;25;157;0.99133;3.2;0.54;11.1;7;
6.8;0.24;0.33;3.2;0.049;68;161;0.99324;3.1;0.69;10.2;6;
6.4;0.25;0.33;1.7;0.037;35;113;0.99164;3.23;0.66;10.6;6;
5.8;0.19;0.33;4.2;0.038;49;133;0.99107;3.16;0.42;11.3;7;
6.9;0.24;0.4;15.4;0.052;81;198;0.9986;3.2;0.69;9.4;5;
6.5;0.31;0.61;13;0.053;31;123;0.99708;3.09;0.5;9.3;6;
6.6;0.25;0.32;5.6;0.039;15;68;0.99163;2.96;0.52;11.1;6;
7.5;0.38;0.56;9.7;0.055;15;170;0.99605;3.13;0.65;9.9;6;
6.2;0.3;0.3;2.5;0.041;29;82;0.99065;3.31;0.61;11.8;7;
6.4;0.33;0.28;4;0.04;24;81;0.9903;3.26;0.64;12.6;7;
6.9;0.24;0.4;15.4;0.052;81;198;0.9986;3.2;0.69;9.4;5;
7.6;0.27;0.32;1.2;0.043;23;72;0.99236;3.06;0.68;10.5;5;
5.9;0.24;0.34;2;0.037;40;108;0.98948;3.19;0.5;12.3;6;
5.3;0.33;0.3;1.2;0.048;25;119;0.99045;3.32;0.62;11.3;6;
6.4;0.21;0.21;5.1;0.097;21;105;0.9939;3.07;0.46;9.6;5;
7;0.22;0.3;1.4;0.04;14;63;0.98985;3.2;0.33;12;6;
7.8;0.27;0.35;1.2;0.05;36;140;0.99138;3.09;0.45;11.2;5;
6.7;0.2;0.24;6.5;0.044;28;100;0.99348;3.12;0.33;10.2;6;
8.1;0.27;0.33;1.3;0.045;26;100;0.99066;2.98;0.44;12.4;6;
6.7;0.2;0.24;6.5;0.044;28;100;0.99348;3.12;0.33;10.2;6;
7.1;0.45;0.24;2.7;0.04;24;87;0.98862;2.94;0.38;13.4;8;
5.8;0.22;0.29;1.3;0.036;25;68;0.98865;3.24;0.35;12.6;6;
6.3;0.3;0.48;7.4;0.053;34;149;0.99472;3.18;0.53;9.8;5;
7.9;0.36;0.53;12.9;0.049;63;139;0.99792;2.94;0.45;9.1;5;
8.1;0.27;0.33;1.3;0.045;26;100;0.99066;2.98;0.44;12.4;6;
8;0.24;0.33;1.2;0.044;28;101;0.99035;3.03;0.43;12.5;6;
6.7;0.41;0.27;2.6;0.033;25;85;0.99086;3.05;0.34;11.7;6;
6.7;0.24;0.31;2.3;0.044;37;113;0.99013;3.29;0.46;12.9;6;
6.2;0.3;0.32;1.3;0.054;27;183;0.99266;3.3;0.43;10.1;5;
6.9;0.26;0.38;10.5;0.044;33;139;0.99517;3.06;0.5;10.3;6;
6.7;0.41;0.27;2.6;0.033;25;85;0.99086;3.05;0.34;11.7;6;
5.9;0.32;0.2;14.4;0.05;29;144;0.99666;3.24;0.41;10.3;6;
6.1;0.25;0.3;1.2;0.036;42;107;0.991;3.34;0.56;10.8;7;
5.6;0.23;0.29;3.1;0.023;19;89;0.99068;3.25;0.51;11.2;6;
6.6;0.23;0.32;1.7;0.024;26;102;0.99084;3.29;0.6;11.8;6;
6;0.17;0.21;6;0.05;26;134;0.9939;3.08;0.54;9.8;6;
7.1;0.38;0.42;11.8;0.041;32;193;0.99624;3.04;0.49;10;6;
6.6;0.31;0.37;6.2;0.052;13;164;0.99602;3.24;0.39;8.8;4;
6.5;0.38;0.53;1.4;0.142;5;69;0.9926;3.14;0.52;10.1;4;
7;0.44;0.24;12.1;0.056;68;210;0.99718;3.05;0.5;9.5;5;
7;0.44;0.24;12.1;0.056;68;210;0.99718;3.05;0.5;9.5;5;
7;0.44;0.24;12.1;0.056;68;210;0.99718;3.05;0.5;9.5;5;
6.1;0.38;0.14;3.9;0.06;27;113;0.99344;3.07;0.34;9.2;4;
8;0.33;0.32;4.6;0.041;31;180;0.99184;2.92;0.74;12.2;6;
7;0.44;0.24;12.1;0.056;68;210;0.99718;3.05;0.5;9.5;5;
6;0.19;0.29;1.2;0.046;29;92;0.99033;3.22;0.53;11.3;6;
6.3;0.28;0.34;8.1;0.038;44;129;0.99248;3.26;0.29;12.1;6;
6.1;0.38;0.14;3.9;0.06;27;113;0.99344;3.07;0.34;9.2;4;
5.3;0.43;0.11;1.1;0.029;6;51;0.99076;3.51;0.48;11.2;4;
5.4;0.22;0.35;6.5;0.029;26;87;0.99092;3.29;0.44;12.5;7;
6.2;0.345;0.27;10.1;0.056;38;187;0.99486;3.31;0.56;10.6;5;
5.6;0.255;0.57;10.7;0.056;66;171;0.99464;3.25;0.61;10.4;7;
5.2;0.2;0.27;3.2;0.047;16;93;0.99235;3.44;0.53;10.1;7;
6.2;0.29;0.23;12.4;0.048;33;201;0.99612;3.11;0.56;9.9;6;
6.3;0.26;0.25;5.2;0.046;11;133;0.99202;2.97;0.68;11;6;
6;0.22;0.23;5;0.045;10;122;0.99261;2.94;0.63;10;6;
7.5;0.35;0.37;2.5;0.066;29;89;0.98964;3.14;0.42;12.7;6;
6.6;0.39;0.28;9.2;0.036;10;92;0.99206;3.07;0.35;12.1;6;
6.3;0.23;0.33;6.9;0.052;23;118;0.9938;3.23;0.46;10.4;6;
6.3;0.22;0.3;2;0.05;23;120;0.99204;3.24;0.47;10.4;6;
6.4;0.29;0.18;15;0.04;21;116;0.99736;3.14;0.5;9.2;5;
6.4;0.29;0.18;15;0.04;21;116;0.99736;3.14;0.5;9.2;5;
7.5;0.23;0.3;1.2;0.03;27;80;0.99192;3.05;0.68;10.5;5;
6.4;0.29;0.18;15;0.04;21;116;0.99736;3.14;0.5;9.2;5;
5.7;0.28;0.36;1.8;0.041;38;90;0.99002;3.27;0.98;11.9;7;
6.5;0.26;0.24;10.8;0.042;47;130;0.996;3.08;0.4;10.1;6;
6.4;0.27;0.29;3.9;0.034;62;140;0.99237;3.1;0.59;11.1;6;
5.9;0.22;0.29;4.2;0.037;69;144;0.99214;3.13;0.74;10.8;7;
6.8;0.26;0.26;2;0.019;23.5;72;0.99041;3.16;0.47;11.8;6;
7.6;0.36;0.48;13.5;0.038;44;116;0.9982;3.04;0.48;9.2;5;
7.6;0.35;0.47;13.3;0.037;42;116;0.99822;3.04;0.5;9.2;5;
5.7;0.18;0.26;2.2;0.023;21;95;0.9893;3.07;0.54;12.3;6;
6.6;0.36;0.47;1.4;0.145;26;124;0.99274;3.09;0.56;10.1;6;
5.9;0.14;0.2;1.6;0.04;26;114;0.99105;3.25;0.45;11.4;6;
5.5;0.23;0.19;2.2;0.044;39;161;0.99209;3.19;0.43;10.4;6;
6.7;0.11;0.26;14.8;0.053;44;95;0.99676;3.2;0.35;9.8;6;
7;0.24;0.24;1.8;0.047;29;91;0.99251;3.3;0.43;9.9;6;
6.7;0.11;0.26;14.8;0.053;44;95;0.99676;3.2;0.35;9.8;6;
5.3;0.47;0.1;1.3;0.036;11;74;0.99082;3.48;0.54;11.2;4;
7.5;0.29;0.24;9.9;0.058;25;115;0.99567;3.15;0.46;10.9;5;
6;0.33;0.26;5.1;0.051;16;119;0.99416;3.15;0.41;9.2;5;
6;0.33;0.26;5.1;0.051;16;119;0.99416;3.15;0.41;9.2;5;
5.8;0.32;0.23;1.5;0.033;39;121;0.9887;2.96;0.35;12;5;
5.8;0.3;0.23;1.5;0.034;37;121;0.98871;2.96;0.34;12.1;6;
3.8;0.31;0.02;11.1;0.036;20;114;0.99248;3.75;0.44;12.4;6;
6.2;0.36;0.22;5.25;0.038;44;145;0.99184;3.22;0.4;11.2;6;
6;0.31;0.27;2.3;0.042;19;120;0.98952;3.32;0.41;12.7;7;
6.9;0.52;0.54;7.9;0.036;23;169;0.99267;3.26;0.47;12.2;6;
7;0.55;0.05;8;0.036;19;164;0.99269;3.26;0.46;12.2;6;
5.8;0.2;0.16;1.4;0.042;44;99;0.98912;3.23;0.37;12.2;6;
6.2;0.36;0.22;5.25;0.038;44;145;0.99184;3.22;0.4;11.2;6;
6;0.31;0.27;2.3;0.042;19;120;0.98952;3.32;0.41;12.7;7;
6;0.29;0.27;2.3;0.044;20;117;0.9895;3.31;0.41;12.7;7;
5.7;0.22;0.29;3.5;0.04;27;146;0.98999;3.17;0.36;12.1;6;
7.1;0.46;0.23;13.7;0.045;44;192;0.9981;3.11;0.53;9.4;5;
6.6;0.21;0.3;9.9;0.041;64;174;0.995;3.07;0.5;10.1;6;
6.9;0.42;0.2;15.4;0.043;57;201;0.99848;3.08;0.54;9.4;5;
5.7;0.22;0.2;16;0.044;41;113;0.99862;3.22;0.46;8.9;6;
5.7;0.22;0.2;16;0.044;41;113;0.99862;3.22;0.46;8.9;6;
5.7;0.22;0.2;16;0.044;41;113;0.99862;3.22;0.46;8.9;6;
5.7;0.22;0.2;16;0.044;41;113;0.99862;3.22;0.46;8.9;6;
5.2;0.31;0.2;2.4;0.027;27;117;0.98886;3.56;0.45;13;7;
7.2;0.22;0.35;5.5;0.054;37;183;0.99474;3.08;0.5;10.3;5;
5.6;0.18;0.29;2.3;0.04;5;47;0.99126;3.07;0.45;10.1;4;
6.2;0.24;0.27;16.8;0.04;48;129;0.99691;3.23;0.38;10.5;6;
5.7;0.22;0.2;16;0.044;41;113;0.99862;3.22;0.46;8.9;6;
5.7;0.26;0.24;17.8;0.059;23;124;0.99773;3.3;0.5;10.1;5;
5.7;0.26;0.24;17.8;0.059;23;124;0.99773;3.3;0.5;10.1;5;
6;0.2;0.26;6.8;0.049;22;93;0.9928;3.15;0.42;11;6;
6;0.2;0.26;6.8;0.049;22;93;0.9928;3.15;0.42;11;6;
6;0.2;0.26;6.8;0.049;22;93;0.9928;3.15;0.42;11;6;
6;0.2;0.26;6.8;0.049;22;93;0.9928;3.15;0.42;11;6;
7.6;0.28;0.17;1.6;0.046;28;117;0.99288;3.08;0.43;10;5;
7;0.2;0.33;4.7;0.03;25;76;0.99202;2.88;0.54;10.5;6;
6.6;0.26;0.27;11.8;0.048;28;112;0.99606;2.87;0.49;9.7;6;
5.7;0.26;0.24;17.8;0.059;23;124;0.99773;3.3;0.5;10.1;5;
7.2;0.21;0.36;15.7;0.045;68;183;0.99922;3.25;0.76;9.4;5;
6.9;0.22;0.32;5.8;0.041;20;119;0.99296;3.17;0.55;11.2;6;
7.2;0.21;0.36;15.7;0.045;68;183;0.99922;3.25;0.76;9.4;5;
7.4;0.22;0.28;9;0.046;22;121;0.99468;3.1;0.55;10.8;5;
7.2;0.21;0.36;15.7;0.045;68;183;0.99922;3.25;0.76;9.4;5;
6.9;0.22;0.32;5.8;0.041;20;119;0.99296;3.17;0.55;11.2;6;
7;0.2;0.35;8.8;0.037;31;103;0.99388;3.13;0.49;11;6;
5.6;0.26;0;10.2;0.038;13;111;0.99315;3.44;0.46;12.4;6;
6.3;0.28;0.3;6.6;0.208;60;154;0.99478;3.1;0.4;9.4;6;
6.4;0.29;0.3;6.5;0.209;62;156;0.99478;3.1;0.4;9.4;5;
7.2;0.34;0.23;8.9;0.105;22;155;0.99692;3.01;0.58;9.5;5;
7.1;0.39;0.39;11.1;0.034;25;204;0.99616;3.05;0.52;10;6;
6.9;0.26;0.29;4.2;0.043;33;114;0.9902;3.16;0.31;12.5;6;
6.1;0.24;0.25;1.6;0.044;24;115;0.9921;3.39;0.59;10.9;6;
5.9;0.25;0.24;7.4;0.044;21;113;0.99462;3.38;0.58;10.5;6;
6.1;0.24;0.27;11.5;0.05;51;133;0.99476;3.22;0.37;10.8;6;
6.5;0.22;0.27;1.6;0.039;36;116;0.99178;3.38;0.57;11;7;
6.2;0.26;0.29;2;0.036;16;87;0.99081;3.33;0.61;11.8;6;
6.6;0.34;0.25;4.8;0.038;16;121;0.99198;3.36;0.71;12.6;6;
5.6;0.225;0.24;9.8;0.054;59;140;0.99545;3.17;0.39;10.2;6;
7.1;0.23;0.28;1.9;0.046;33;103;0.98997;3.12;0.31;12;5;
6.9;0.26;0.29;4.2;0.043;33;114;0.9902;3.16;0.31;12.5;6;
6.4;0.27;0.3;1.6;0.04;19;86;0.99089;3.32;0.65;11.5;6;
6.3;0.41;0.22;7.3;0.035;23;117;0.99172;3.2;0.39;11.94;7;
7.2;0.585;0.2;10.4;0.086;17;94;0.99681;3.13;0.4;9.4;5;
6.7;0.34;0.26;1.9;0.038;58;138;0.9893;3;0.47;12.2;7;
6.3;0.41;0.22;7.3;0.035;23;117;0.99172;3.2;0.39;11.94;7;
6.4;0.26;0.35;7.7;0.056;45;191;0.99527;3.16;0.5;9.5;5;
6.3;0.28;0.22;11.5;0.036;27;150;0.99445;3;0.33;10.6;6;
7.4;0.16;0.33;1.2;0.042;47;121;0.99198;3.04;0.68;10.5;7;
5.9;0.2;0.28;1;0.043;45;100;0.99033;3.4;0.41;11.4;6;
6.4;0.24;0.26;8.2;0.054;47;182;0.99538;3.12;0.5;9.5;5;
7.4;0.38;0.34;8.3;0.052;44;168;0.99627;3.11;0.52;9.2;5;
6.4;0.24;0.26;8.2;0.054;47;182;0.99538;3.12;0.5;9.5;5;
6.4;0.42;0.19;9.3;0.043;28;145;0.99433;3.23;0.53;10.98;5;
6.4;0.23;0.26;8.1;0.054;47;181;0.9954;3.12;0.49;9.4;5;
6.4;0.24;0.26;8.2;0.054;47;182;0.99538;3.12;0.5;9.5;5;
7.4;0.38;0.34;8.3;0.052;44;168;0.99627;3.11;0.52;9.2;5;
7.3;0.19;0.27;13.9;0.057;45;155;0.99807;2.94;0.41;8.8;8;
7.3;0.19;0.27;13.9;0.057;45;155;0.99807;2.94;0.41;8.8;8;
7.3;0.19;0.27;13.9;0.057;45;155;0.99807;2.94;0.41;8.8;8;
7.3;0.19;0.27;13.9;0.057;45;155;0.99807;2.94;0.41;8.8;8;
7.3;0.19;0.27;13.9;0.057;45;155;0.99807;2.94;0.41;8.8;8;
7.3;0.19;0.27;13.9;0.057;45;155;0.99807;2.94;0.41;8.8;8;
7.3;0.19;0.27;13.9;0.057;45;155;0.99807;2.94;0.41;8.8;8;
6.8;0.24;0.29;2;0.044;15;96;0.99232;3.23;0.64;10.4;8;
7.3;0.19;0.27;13.9;0.057;45;155;0.99807;2.94;0.41;8.8;8;
5.7;0.28;0.35;1.2;0.052;39;141;0.99108;3.44;0.69;11.3;6;
5.8;0.22;0.25;1.5;0.024;21;109;0.99234;3.37;0.58;10.4;6;
6.7;0.27;0.69;1.2;0.176;36;106;0.99288;2.96;0.43;9.2;6;
7.1;0.2;0.35;3.2;0.034;21;107;0.99195;3.11;0.54;11.1;6;
6.7;0.27;0.69;1.2;0.176;36;106;0.99288;2.96;0.43;9.2;6;
7.1;0.23;0.3;2.6;0.034;62;148;0.99121;3.03;0.56;11.3;7;
7.6;0.31;0.52;13.2;0.042;61;148;0.99839;2.98;0.47;9.1;6;
7.2;0.34;0.28;10.4;0.108;43;187;0.99738;2.96;0.57;9.4;5;
7;0.36;0.25;5.7;0.015;14;73;0.98963;2.82;0.59;13.2;6;
6.4;0.31;0.28;2.5;0.039;34;137;0.98946;3.22;0.38;12.7;6;
7.3;0.28;0.35;1.6;0.054;31;148;0.99178;3.18;0.47;10.7;5;
6.4;0.31;0.27;7.4;0.049;48;169;0.99323;3.27;0.45;11.1;6;
6.4;0.31;0.28;2.5;0.039;34;137;0.98946;3.22;0.38;12.7;6;
5.9;0.28;0.34;3.6;0.04;50;194;0.9912;3.31;0.52;11.6;6;
7.2;0.34;0.2;5.8;0.062;52;203;0.99461;3.17;0.44;9.8;6;
7.3;0.28;0.35;1.6;0.054;31;148;0.99178;3.18;0.47;10.7;5;
6.5;0.2;0.33;1.5;0.039;36;110;0.99008;3.22;0.65;12;6;
6.2;0.24;0.27;2.9;0.039;30;123;0.98959;3.12;0.37;12.8;6;
7.1;0.31;0.25;11.2;0.048;32;136;0.99663;3.14;0.4;9.5;5;
6.3;0.19;0.33;10.1;0.063;63;133;0.99561;2.86;0.41;9.1;5;
5.9;0.29;0.28;3.2;0.035;16;117;0.98959;3.26;0.42;12.6;6;
7.1;0.31;0.25;11.2;0.048;32;136;0.99663;3.14;0.4;9.5;5;
6.5;0.3;0.28;11.45;0.041;29;109;0.99418;2.98;0.3;10.9;6;
6.5;0.22;0.19;4.5;0.096;16;115;0.9937;3.02;0.44;9.6;5;
7;0.23;0.28;2.7;0.053;16;92;0.99372;3.18;0.56;9.3;5;
6.1;0.26;0.28;1.7;0.043;24;98;0.98918;3.14;0.44;12.5;6;
6.4;0.35;0.21;2.1;0.051;46;171;0.9932;3.16;0.5;9.5;5;
6;0.32;0.32;4.8;0.041;40;186;0.99235;3.22;0.54;11;6;
6.1;0.34;0.21;5;0.042;17;133;0.99373;3.02;0.53;9.4;5;
6.5;0.315;0.2;6.6;0.041;9;126;0.99494;2.94;0.51;8.8;5;
6.1;0.34;0.21;5;0.042;17;133;0.99373;3.02;0.53;9.4;5;
6.4;0.3;0.27;5;0.058;27;151;0.99198;3.22;0.49;12.2;6;
7;0.24;0.26;1.7;0.041;31;110;0.99142;3.2;0.53;11;6;
6.4;0.26;0.21;8.2;0.05;51;182;0.99542;3.23;0.48;9.5;5;
6.4;0.26;0.21;8.2;0.05;51;182;0.99542;3.23;0.48;9.5;5;
6;0.27;0.31;5;0.043;54;170;0.9924;3.28;0.52;11;6;
7.1;0.21;0.33;1.2;0.039;34;97;0.99112;3.11;0.75;11.2;6;
6.7;0.26;0.29;7.1;0.036;28;100;0.99534;3.08;0.36;9.3;6;
6.3;0.28;0.22;9.5;0.04;30;111;0.99338;3.05;0.31;10.8;4;
6.2;0.25;0.44;15.8;0.057;39;167;0.99804;3.14;0.51;9.2;5;
7.3;0.22;0.37;15.5;0.048;70;203;0.99899;3.25;0.77;9.4;5;
6.2;0.25;0.44;15.8;0.057;39;167;0.99804;3.14;0.51;9.2;5;
6.4;0.18;0.28;17.05;0.047;53;139;0.99724;3.25;0.35;10.5;6;
6.3;0.2;0.26;12.7;0.046;60;143;0.99526;3.26;0.35;10.8;6;
6.6;0.24;0.22;12.3;0.051;35;146;0.99676;3.1;0.67;9.4;5;
7.4;0.27;0.26;11.8;0.053;55;173;0.99699;3.11;0.6;9.8;5;
7.4;0.27;0.26;11.8;0.053;55;173;0.99699;3.11;0.6;9.8;5;
7.4;0.27;0.26;11.8;0.053;55;173;0.99699;3.11;0.6;9.8;5;
6.6;0.24;0.22;12.3;0.051;35;146;0.99676;3.1;0.67;9.4;5;
7.4;0.27;0.26;11.8;0.053;55;173;0.99699;3.11;0.6;9.8;5;
7.1;0.38;0.29;13.6;0.041;30;137;0.99461;3.02;0.96;12.1;6;
6.8;0.43;0.26;5.2;0.043;40;176;0.99116;3.17;0.41;12.3;6;
5.9;0.29;0.16;7.9;0.044;48;197;0.99512;3.21;0.36;9.4;5;
5.9;0.29;0.16;7.9;0.044;48;197;0.99512;3.21;0.36;9.4;5;
6.3;0.29;0.29;3.3;0.037;32;140;0.9895;3.17;0.36;12.8;7;
6.3;0.19;0.32;2.8;0.046;18;80;0.99043;2.92;0.47;11.05;6;
5.7;0.29;0.16;7.9;0.044;48;197;0.99512;3.21;0.36;9.4;5;
6.3;0.29;0.29;3.3;0.037;32;140;0.9895;3.17;0.36;12.8;7;
5.8;0.3;0.38;4.9;0.039;22;86;0.98963;3.23;0.58;13.1;7;
7.1;0.27;0.27;10.4;0.041;26;114;0.99335;3.04;0.52;11.5;7;
5.8;0.3;0.38;4.9;0.039;22;86;0.98963;3.23;0.58;13.1;7;
7.1;0.27;0.27;10.4;0.041;26;114;0.99335;3.04;0.52;11.5;7;
6.3;0.305;0.22;16;0.061;26;141;0.99824;3.08;0.5;9.1;5;
5.7;0.24;0.47;6.3;0.069;35;182;0.99391;3.11;0.46;9.75;5;
6.2;0.22;0.28;2.2;0.04;24;125;0.9917;3.19;0.48;10.5;6;
6.6;0.22;0.23;17.3;0.047;37;118;0.99906;3.08;0.46;8.8;6;
6.6;0.22;0.23;17.3;0.047;37;118;0.99906;3.08;0.46;8.8;6;
6.6;0.22;0.23;17.3;0.047;37;118;0.99906;3.08;0.46;8.8;6;
6.6;0.22;0.23;17.3;0.047;37;118;0.99906;3.08;0.46;8.8;6;
6.2;0.22;0.28;2.2;0.04;24;125;0.9917;3.19;0.48;10.5;6;
6.2;0.22;0.28;2.2;0.04;24;125;0.9917;3.19;0.48;10.5;6;
6.6;0.22;0.23;17.3;0.047;37;118;0.99906;3.08;0.46;8.8;6;
6.1;0.22;0.5;6.6;0.045;30;122;0.99415;3.22;0.49;9.9;6;
6.2;0.21;0.52;6.5;0.047;28;123;0.99418;3.22;0.49;9.9;6;
6.3;0.32;0.26;12.3;0.044;24;205;0.99611;3.11;0.58;9.9;5;
6.9;0.44;0.27;5;0.038;33;166;0.99124;3.2;0.42;12.2;6;
6.1;0.31;0.34;2.8;0.042;59.5;162;0.99179;3.27;0.47;10.8;6;
8.1;0.36;0.59;13.6;0.051;60;134;0.99886;2.96;0.39;8.7;5;
6.6;0.38;0.28;2.8;0.043;17;67;0.98924;3.21;0.47;13.2;6;
6.7;0.24;0.26;5.4;0.03;15;94;0.99045;3.15;0.38;12.7;6;
6.9;0.56;0.26;10.9;0.06;55;193;0.9969;3.21;0.44;9.4;5;
7.2;0.24;0.24;1.7;0.045;18;161;0.99196;3.25;0.53;11.2;6;
6.7;0.28;0.28;4.5;0.051;14;92;0.99224;3.36;0.58;11.9;6;
6.5;0.29;0.3;9.15;0.051;25;166;0.99339;3.24;0.56;11.35;6;
6.1;0.21;0.19;1.4;0.046;51;131;0.99184;3.22;0.39;10.5;5;
7.2;0.47;0.16;5.9;0.048;14;125;0.99428;3.09;0.49;9.8;5;
6.7;0.34;0.31;16.4;0.051;20;146;0.99834;3.06;0.54;9.1;5;
6.6;0.27;0.25;1.2;0.033;36;111;0.98918;3.16;0.37;12.4;6;
6.7;0.34;0.31;16.4;0.051;20;146;0.99834;3.06;0.54;9.1;5;
7.2;0.47;0.16;5.9;0.048;14;125;0.99428;3.09;0.49;9.8;5;
5;0.35;0.25;7.8;0.031;24;116;0.99241;3.39;0.4;11.3;6;
5;0.35;0.25;7.8;0.031;24;116;0.99241;3.39;0.4;11.3;6;
4.4;0.46;0.1;2.8;0.024;31;111;0.98816;3.48;0.34;13.1;6;
6.6;0.38;0.29;2.9;0.035;15;101;0.98916;3.04;0.37;12.5;6;
7.3;0.3;0.25;2.5;0.045;32;122;0.99329;3.18;0.54;10.3;5;
6.4;0.28;0.22;12.8;0.039;51;150;0.99535;3.23;0.43;10.7;6;
6.9;0.29;0.25;12.2;0.04;29;136;0.99552;3.05;0.65;10.4;6;
6.3;0.3;0.19;7.7;0.049;47;184;0.99514;3.22;0.48;9.5;5;
6.3;0.39;0.22;2.8;0.048;53;173;0.99304;3.24;0.45;9.8;5;
6.6;0.38;0.29;2.9;0.035;15;101;0.98916;3.04;0.37;12.5;6;
6.6;0.18;0.26;17.3;0.051;17;149;0.9984;3;0.43;9.4;6;
6;0.28;0.29;19.3;0.051;36;174;0.99911;3.14;0.5;9;5;
6;0.28;0.29;19.3;0.051;36;174;0.99911;3.14;0.5;9;5;
6;0.28;0.29;19.3;0.051;36;174;0.99911;3.14;0.5;9;5;
6.6;0.35;0.26;2.7;0.045;19;129;0.98952;3.24;0.48;13;7;
5.9;0.22;0.18;6.4;0.041;28;120;0.99403;3.27;0.5;9.9;5;
6.6;0.18;0.26;17.3;0.051;17;149;0.9984;3;0.43;9.4;6;
7.7;0.28;0.24;2.4;0.044;29;157;0.99312;3.27;0.56;10.6;6;
7.1;0.42;0.2;2.8;0.038;28;109;0.98968;3.23;0.47;13.4;6;
6.7;0.32;0.32;1.7;0.031;31;114;0.98946;3.12;0.35;12.5;6;
6.6;0.26;0.56;15.4;0.053;32;141;0.9981;3.11;0.49;9.3;5;
6.6;0.26;0.56;15.4;0.053;32;141;0.9981;3.11;0.49;9.3;5;
6.2;0.32;0.24;4.1;0.051;34;149;0.99306;3.36;0.52;11;5;
6.3;0.25;0.27;6.6;0.054;40;158;0.99378;3.2;0.48;10.3;5;
6.2;0.21;0.24;1.2;0.051;31;95;0.99036;3.24;0.57;11.3;6;
6.4;0.23;0.27;2.1;0.042;35;100;0.99094;3.03;0.63;10.9;6;
4.7;0.145;0.29;1;0.042;35;90;0.9908;3.76;0.49;11.3;6;
6.2;0.2;0.28;1.1;0.039;24;78;0.9899;3.36;0.47;12.1;6;
7;0.28;0.28;1.4;0.039;12;83;0.99173;3.18;0.65;11.1;5;
7.1;0.36;0.2;1.6;0.271;24;140;0.99356;3.11;0.63;9.8;5;
5.7;0.25;0.22;9.8;0.049;50;125;0.99571;3.2;0.45;10.1;6;
5.7;0.22;0.33;1.9;0.036;37;110;0.98945;3.26;0.58;12.4;6;
6;0.2;0.38;1.3;0.034;37;104;0.98865;3.11;0.52;12.7;6;
6.4;0.32;0.26;7.9;0.05;53;180;0.99514;3.14;0.5;9.6;5;
6.4;0.32;0.26;7.9;0.05;53;180;0.99514;3.14;0.5;9.6;5;
6;0.555;0.26;4.5;0.053;17;126;0.9943;3.24;0.46;9.1;5;
5.9;0.22;0.45;22.6;0.12;55;122;0.99636;3.1;0.35;12.8;5;
6.4;0.32;0.26;7.9;0.05;53;180;0.99514;3.14;0.5;9.6;5;
6.2;0.3;0.33;3.5;0.037;37;155;0.98987;3.18;0.37;12.4;6;
5.8;0.28;0.18;1.2;0.058;7;108;0.99288;3.23;0.58;9.55;4;
5.8;0.555;0.26;4.5;0.053;17;126;0.9943;3.24;0.46;9.1;5;
6.7;0.31;0.33;2;0.033;12;74;0.99064;3.29;0.65;12.5;6;
6.4;0.15;0.25;7.8;0.05;13;68;0.99394;3.16;0.4;9.9;6;
6.4;0.13;0.28;0.9;0.045;32;87;0.99175;3.47;0.52;11.2;6;
6.7;0.48;0.49;2.9;0.03;28;122;0.98926;3.13;0.4;13;6;
6.7;0.48;0.49;2.9;0.03;28;122;0.98926;3.13;0.4;13;6;
5.8;0.3;0.33;3.5;0.033;25;116;0.99057;3.2;0.44;11.7;6;
6.1;0.28;0.23;4.2;0.038;13;95;0.98898;2.97;0.7;13.1;6;
6;0.19;0.37;9.7;0.032;17;50;0.9932;3.08;0.66;12;6;
6.8;0.31;0.25;10.5;0.043;30;165;0.9972;3.36;0.55;10.55;6;
7.5;0.24;0.29;1.1;0.046;34;84;0.9902;3.04;0.39;11.45;6;
6.8;0.23;0.39;16.1;0.053;71;194;0.9988;3.18;0.64;10.2;6;
7.5;0.24;0.29;1.1;0.046;34;84;0.9902;3.04;0.39;11.45;6;
6.3;0.29;0.3;8.1;0.212;60;150;0.9958;3.1;0.4;9.3;5;
6.8;0.2;0.25;6.2;0.052;22;106;0.9935;3.09;0.54;10.8;5;
5.2;0.38;0.26;7.7;0.053;20;103;0.9925;3.27;0.45;12.2;6;
7.8;0.27;0.33;2.4;0.053;36;175;0.992;3.2;0.55;11;6;
6.6;0.54;0.21;16.3;0.055;41;182;0.9986;3.35;0.54;10.4;6;
7.1;0.25;0.31;2.3;0.05;32;156;0.9914;3.14;0.51;11.4;6;
5.8;0.61;0.01;8.4;0.041;31;104;0.9909;3.26;0.72;14.05;7;
6.5;0.32;0.23;8.5;0.051;20;138;0.9943;3.03;0.42;10.7;5;
6.4;0.28;0.23;6;0.051;50;162;0.994;3.15;0.52;10.2;5;
6.6;0.19;0.28;1.1;0.044;38;100;0.9904;3.22;0.69;11.2;6;
5.8;0.26;0.3;2.6;0.034;75;129;0.9902;3.2;0.38;11.5;4;
6.7;0.23;0.17;1.3;0.061;14;100;0.9925;3.07;0.55;9.5;5;
6.8;0.33;0.3;2.1;0.047;35;147;0.9886;3.24;0.56;13.4;6;
6.1;0.27;0.32;1.1;0.034;24;110;0.9898;3.36;0.4;12.5;6;
6.1;0.27;0.32;1.1;0.034;24;110;0.9898;3.36;0.4;12.5;6;
6.8;0.4;0.29;2.8;0.044;27;97;0.9904;3.12;0.42;11.2;6;
6.1;0.4;0.18;9;0.051;28.5;259;0.9964;3.19;0.5;8.8;5;
7.1;0.28;0.26;2.8;0.039;50;118;0.9908;3.06;0.59;11.2;6;
6.2;0.32;0.32;2.2;0.036;15;70;0.9899;3.16;0.48;12.7;6;
6.8;0.17;0.17;5.1;0.049;26;82;0.993;3;0.38;9.8;6;
9;0.2;0.33;3.5;0.049;10;40;0.9944;3.14;0.36;9.8;6;
5.8;0.13;0.22;12.7;0.058;24;183;0.9956;3.32;0.42;11.7;6;
5.8;0.31;0.31;7.5;0.052;55;230;0.9949;3.19;0.46;9.8;5;
6.3;0.36;0.2;2;0.048;48;191;0.9929;3.17;0.51;9.6;5;
9;0.2;0.33;3.5;0.049;10;40;0.9944;3.14;0.36;9.8;6;
6.7;0.18;0.25;14.3;0.048;79;149;0.9975;3.12;0.37;9.7;5;
6.6;0.16;0.25;9.8;0.049;59.5;137;0.995;3.16;0.38;10;6;
5.8;0.13;0.22;12.7;0.058;24;183;0.9956;3.32;0.42;11.7;6;
5.8;0.27;0.22;12.7;0.058;42;206;0.9946;3.32;0.38;12.3;6;
6.8;0.17;0.17;5.1;0.049;26;82;0.993;3;0.38;9.8;6;
6.4;0.37;0.19;3.5;0.068;18;101;0.9934;3.03;0.38;9;6;
7.3;0.26;0.53;12.7;0.047;60.5;164.5;0.9984;3.06;0.45;9.1;6;
7.3;0.28;0.54;12.9;0.049;62;162.5;0.9984;3.06;0.45;9.1;6;
7.3;0.28;0.54;12.9;0.049;62;162.5;0.9984;3.06;0.45;9.1;6;
5.8;0.12;0.21;1.3;0.056;35;121;0.9908;3.32;0.33;11.4;6;
6.1;0.25;0.18;10.5;0.049;41;124;0.9963;3.14;0.35;10.5;5;
6.4;0.24;0.27;1.5;0.04;35;105;0.98914;3.13;0.3;12.4;6;
7.3;0.26;0.53;12.7;0.047;60.5;156;0.9984;3.06;0.45;9.1;6;
7.3;0.28;0.54;12.9;0.049;62;152;0.9984;3.06;0.45;9.1;6;
8.3;0.18;0.37;1.2;0.049;6;94;0.9937;3.18;0.52;10.1;5;
7.1;0.09;0.3;6.2;0.032;24;134;0.993;2.99;0.39;10.9;6;
8.3;0.14;0.36;8.8;0.026;13;60;0.9956;3.13;0.35;11.05;5;
5.8;0.28;0.3;3.9;0.026;36;105;0.98963;3.26;0.58;12.75;6;
6;0.23;0.34;1.3;0.025;23;111;0.98961;3.36;0.37;12.7;6;
6.9;0.28;0.37;9.1;0.037;16;76;0.9948;3.05;0.54;11.1;5;
6.9;0.28;0.37;9.1;0.037;16;76;0.9948;3.05;0.54;11.1;5;
5.8;0.28;0.3;3.9;0.026;36;105;0.98963;3.26;0.58;12.75;6;
6.3;0.25;0.53;1.8;0.021;41;101;0.989315;3.19;0.31;13;6;
6.5;0.2;0.31;2.1;0.033;32;95;0.989435;2.96;0.61;12;6;
5.9;0.29;0.32;1.4;0.022;17;47;0.9899;3.35;0.35;11.5;6;
6.4;0.46;0.22;14.7;0.047;51;183;0.998275;3.39;0.6;10.5;5;
6.9;0.28;0.37;9.1;0.037;16;76;0.9948;3.05;0.54;11.1;5;
6.8;0.23;0.33;1.9;0.047;20;101;0.9914;3.1;0.46;11.1;6;
7;0.23;0.32;1.8;0.048;25;113;0.9915;3.11;0.47;11.1;6;
6.4;0.55;0.26;9.6;0.027;20;104;0.9924;3.22;0.73;13.1;6;
5.7;0.28;0.3;3.9;0.026;36;105;0.98963;3.26;0.58;12.75;6;
6;0.23;0.34;1.3;0.025;23;111;0.98961;3.36;0.37;12.7;6;
6.8;0.45;0.3;11.8;0.094;23;97;0.997;3.09;0.44;9.6;5;
6.1;0.2;0.4;1.9;0.028;32;138;0.9914;3.26;0.72;11.7;5;
6.1;0.37;0.46;12;0.042;61;210;0.997;3.17;0.59;9.7;6;
5.9;0.21;0.23;7.9;0.033;22;130;0.9944;3.38;0.59;10.9;6;
6.9;0.22;0.32;9.3;0.04;22;110;0.9958;3.34;0.54;10.7;7;
5.4;0.27;0.22;4.6;0.022;29;107;0.98889;3.33;0.54;13.8;6;
6;0.26;0.26;2.2;0.035;10;72;0.989465;3.11;0.48;12.15;6;
5.6;0.18;0.3;10.2;0.028;28;131;0.9954;3.49;0.42;10.8;7;
5.6;0.26;0.27;10.6;0.03;27;119;0.9947;3.4;0.34;10.7;7;
7;0.23;0.35;1.4;0.036;31;113;0.9912;3.16;0.48;10.8;7;
5.8;0.28;0.66;9.1;0.039;26;159;0.9965;3.66;0.55;10.8;5;
8.6;0.36;0.26;11.1;0.03;43.5;171;0.9948;3.03;0.49;12;5;
5.8;0.28;0.66;9.1;0.039;26;159;0.9965;3.66;0.55;10.8;5;
6.4;0.3;0.27;4.4;0.055;17;135;0.9925;3.23;0.44;12.2;6;
6.2;0.2;0.32;2.8;0.05;17;126;0.9936;3.18;0.55;9.4;6;
5.8;0.29;0.15;1.1;0.029;12;83;0.9898;3.3;0.4;11.4;6;
5.7;0.22;0.28;1.3;0.027;26;101;0.98948;3.35;0.38;12.5;7;
5.6;0.22;0.32;1.2;0.024;29;97;0.98823;3.2;0.46;13.05;7;
6.8;0.32;0.23;3.3;0.026;31;99;0.9896;3.1;0.4;12.4;6;
6.2;0.2;0.26;9.7;0.03;39;102;0.9908;3.08;0.56;12.9;7;
6.1;0.35;0.24;2.3;0.034;25;133;0.9906;3.34;0.59;12;7;
5.9;0.3;0.29;1.1;0.036;23;56;0.9904;3.19;0.38;11.3;5;
6.3;0.15;0.34;11.4;0.05;25;96;0.99754;3.21;0.49;10;6;
4.8;0.13;0.32;1.2;0.042;40;98;0.9898;3.42;0.64;11.8;7;
6;0.2;0.26;14.7;0.045;53;125;0.998365;2.99;0.69;9.4;6;
5.7;0.2;0.24;13.8;0.047;44;112;0.99837;2.97;0.66;8.8;6;
6;0.27;0.26;1.3;0.038;32;138;0.99125;3.46;0.43;11.1;6;
6.3;0.37;0.51;6.3;0.048;35;146;0.9943;3.1;1.01;10.5;6;
6.4;0.23;0.37;7.9;0.05;60;150;0.99488;2.86;0.49;9.3;6;
5.9;0.34;0.25;2;0.042;12;110;0.99034;3.02;0.54;11.4;6;
5;0.33;0.23;11.8;0.03;23;158;0.99322;3.41;0.64;11.8;6;
5.4;0.29;0.38;1.2;0.029;31;132;0.98895;3.28;0.36;12.4;6;
8;0.33;0.35;10;0.035;22;108;0.99457;3.12;0.36;11.6;6;
6.4;0.3;0.33;5.2;0.05;30;137;0.99304;3.26;0.58;11.1;5;
5.4;0.29;0.38;1.2;0.029;31;132;0.98895;3.28;0.36;12.4;6;
6.4;0.33;0.3;7.2;0.041;42;168;0.99331;3.22;0.49;11.1;6;
7;0.33;0.78;9.9;0.042;21;251;0.99435;3.01;0.55;11;6;
6.7;0.45;0.3;5.3;0.036;27;165;0.99122;3.12;0.46;12.2;6;
6.5;0.36;0.31;13.55;0.053;20;113;0.99544;3.2;0.56;11;6;
5.8;0.42;0.3;2.2;0.035;26;129;0.989;3.32;0.47;12.9;6;
7.1;0.39;0.3;9.9;0.037;29;124;0.99414;3.07;0.42;10.9;6;
6.7;0.53;0.29;4.3;0.069;20;114;0.99014;3.22;0.59;13.4;6;
6.7;0.66;0;13;0.033;32;75;0.99551;3.15;0.5;10.7;6;
6.5;0.36;0.31;13.55;0.053;20;113;0.99544;3.2;0.56;11;6;
6.5;0.16;0.33;1;0.027;23;75;0.9908;3.3;0.39;11.4;7;
8.3;0.22;0.34;1.1;0.043;20;116;0.9927;3;0.47;10.2;6;
6.9;0.23;0.35;6.9;0.03;45;116;0.99244;2.8;0.54;11;6;
6.4;0.17;0.34;13.4;0.044;45;139;0.99752;3.06;0.43;9.1;6;
5;0.33;0.18;4.6;0.032;40;124;0.99114;3.18;0.4;11;6;
6.8;0.38;0.29;9.9;0.037;40;146;0.99326;3.11;0.37;11.5;6;
6.5;0.29;0.32;3;0.036;38;93;0.9906;3.16;0.59;12;6;
6.9;0.29;0.32;5.8;0.04;16;112;0.993;3.04;0.58;11.2;5;
6.6;0.28;0.3;12.9;0.033;31;177;0.99479;3.12;0.39;11.2;6;
6.2;0.36;0.27;3.2;0.032;13;73;0.98942;2.9;0.69;12.6;7;
6;0.615;0.04;0.8;0.032;8;50;0.99036;3.14;0.4;11;4;
5.9;0.44;0.36;2.5;0.03;12;73;0.99201;3.22;0.48;10.8;6;
5.9;0.42;0.36;2.4;0.034;19;77;0.99184;3.25;0.48;10.9;5;
5.8;0.34;0.21;7.2;0.041;48;146;0.99441;3.16;0.49;9.8;5;
5.8;0.27;0.2;7.3;0.04;42;145;0.99442;3.15;0.48;9.8;5;
7.1;0.33;0.18;6.3;0.094;27;166;0.99474;2.9;0.49;9.5;5;
7.3;0.28;0.37;1.2;0.039;26;99;0.99198;3.01;0.62;10.8;5;
5.2;0.5;0.18;2;0.036;23;129;0.98949;3.36;0.77;13.4;7;
6.1;0.44;0.28;4.25;0.032;43;132;0.9916;3.26;0.47;11.3;7;
6.4;0.62;0.12;4.7;0.06;33;196;0.99556;3.22;0.48;8.9;5;
6.4;0.38;0.19;4.5;0.038;36;119;0.99151;3.07;0.42;11.2;6;
7.5;0.305;0.38;1.4;0.047;30;95;0.99158;3.22;0.52;11.5;7;
6.5;0.5;0.22;4.1;0.036;35;131;0.9902;3.26;0.55;13;7;
6.6;0.4;0.3;5.3;0.038;20;125;0.99204;3.36;0.73;12.6;6;
6.4;0.4;0.25;4.2;0.032;15;91;0.98988;3.26;0.52;13.1;6;
8.3;0.49;0.23;6.65;0.034;6;158;0.99344;3.05;0.48;11.2;5;
6.3;0.3;0.91;8.2;0.034;50;199;0.99394;3.39;0.49;11.7;6;
6.1;0.19;0.37;2.6;0.041;24;99;0.99153;3.18;0.5;10.9;6;
6.1;0.19;0.37;2.6;0.041;24;99;0.99153;3.18;0.5;10.9;6;
5.6;0.24;0.34;2;0.041;14;73;0.98981;3.04;0.45;11.6;7;
5.7;0.25;0.32;12.2;0.041;43;127;0.99524;3.23;0.53;10.4;7;
6.6;0.21;0.39;2.3;0.041;31;102;0.99221;3.22;0.58;10.9;7;
6.3;0.3;0.91;8.2;0.034;50;199;0.99394;3.39;0.49;11.7;6;
6.2;0.28;0.41;5;0.043;50;188;0.99318;3.23;0.64;10.8;6;
5.8;0.29;0.38;10.7;0.038;49;136;0.99366;3.11;0.59;11.2;6;
5.8;0.345;0.15;10.8;0.033;26;120;0.99494;3.25;0.49;10;6;
6.5;0.51;0.25;1.7;0.048;39;177;0.99212;3.28;0.57;10.6;5;
6.9;0.54;0.26;12.7;0.049;59;195;0.99596;3.26;0.54;10.5;6;
6;0.24;0.41;1.3;0.036;42;118;0.99018;3.04;0.64;11.75;6;
6.6;0.26;0.36;1.2;0.035;43;126;0.99094;3.01;0.63;11.4;6;
5.7;0.24;0.3;1.3;0.03;25;98;0.98968;3.37;0.43;12.4;7;
6.5;0.21;0.35;5.7;0.043;47;197;0.99392;3.24;0.5;10.1;6;
6.8;0.29;0.22;3.4;0.035;40;122;0.99024;3.09;0.47;12.3;6;
5;0.24;0.34;1.1;0.034;49;158;0.98774;3.32;0.32;13.1;7;
5.9;0.18;0.28;1;0.037;24;88;0.99094;3.29;0.55;10.65;7;
5.8;0.26;0.29;1;0.042;35;101;0.99044;3.36;0.48;11.4;7;
6.7;0.61;0.21;1.65;0.117;40;240;0.9938;3.11;0.57;9.3;5;
5.7;0.695;0.06;6.8;0.042;9;84;0.99432;3.44;0.44;10.2;5;
5.6;0.695;0.06;6.8;0.042;9;84;0.99432;3.44;0.44;10.2;5;
5.7;0.39;0.25;4.9;0.033;49;113;0.98966;3.26;0.58;13.1;7;
6.1;0.38;0.47;1.4;0.051;59;210;0.99309;3.24;0.5;9.6;5;
6.3;0.36;0.28;2.5;0.035;18;73;0.98868;3.1;0.47;12.8;7;
6;0.29;0.41;10.8;0.048;55;149;0.9937;3.09;0.59;11;7;
7.1;0.43;0.25;2.8;0.036;43;132;0.98975;3.21;0.47;13.4;6;
6.6;0.25;0.25;1.3;0.04;28;85;0.98984;2.87;0.48;11.2;6;
6.6;0.33;0.41;2;0.027;14;79;0.99063;3.27;0.63;12.4;6;
8;0.23;0.41;1.1;0.048;35;150;0.99168;3.09;0.47;11.2;5;
7.3;0.17;0.36;8.2;0.028;44;111;0.99272;3.14;0.41;12.4;6;
7.3;0.17;0.36;8.2;0.028;44;111;0.99272;3.14;0.41;12.4;6;
6.4;0.31;0.53;8.8;0.057;36;221;0.99642;3.17;0.44;9.1;5;
6.1;0.16;0.34;6.1;0.034;31;114;0.99365;3.32;0.58;10.15;7;
6;0.17;0.33;6;0.036;30;111;0.99362;3.32;0.58;10.15;7;
5.9;0.44;0.33;1.2;0.049;12;117;0.99134;3.46;0.44;11.5;5;
6.6;0.285;0.49;11.4;0.035;57;137;0.99732;3.08;0.54;8.9;6;
6;0.28;0.52;6.2;0.028;37;104;0.99161;3.28;0.51;11.8;7;
5.7;0.21;0.37;4.5;0.04;58;140;0.99332;3.29;0.62;10.6;6;
6.5;0.25;0.32;9.9;0.045;41;128;0.99636;3.18;0.52;9.6;6;
6;0.28;0.52;6.2;0.028;37;104;0.99161;3.28;0.51;11.8;7;
6.6;0.285;0.49;11.4;0.035;57;137;0.99732;3.08;0.54;8.9;6;
4.7;0.335;0.14;1.3;0.036;69;168;0.99212;3.47;0.46;10.5;5;
6.8;0.63;0.04;1.3;0.058;25;133;0.99271;3.17;0.39;10.2;4;
5.6;0.27;0.37;0.9;0.025;11;49;0.98845;3.29;0.33;13.1;6;
6.8;0.32;0.33;0.7;0.027;15;66;0.9899;3.11;0.31;11.8;6;
6.5;0.33;0.32;1;0.041;39;120;0.99004;3.06;0.37;12.2;6;
6;0.24;0.34;1;0.036;52;184;0.99097;3.44;0.44;11.45;6;
7.2;0.26;0.32;10.4;0.062;23;114;0.9966;3.23;0.49;10.5;5;
6.8;0.63;0.04;1.3;0.058;25;133;0.99271;3.17;0.39;10.2;4;
6.7;0.16;0.32;12.5;0.035;18;156;0.99666;2.88;0.36;9;6;
6.7;0.16;0.32;12.5;0.035;18;156;0.99666;2.88;0.36;9;6;
6.7;0.16;0.32;12.5;0.035;18;156;0.99666;2.88;0.36;9;6;
6.7;0.16;0.32;12.5;0.035;18;156;0.99666;2.88;0.36;9;6;
6.9;0.19;0.31;19.25;0.043;38;167;0.99954;2.93;0.52;9.1;7;
6;0.36;0.32;1.1;0.053;26;173;0.99414;3.38;0.54;8.8;5;
6.7;0.16;0.32;12.5;0.035;18;156;0.99666;2.88;0.36;9;6;
6.9;0.19;0.31;19.25;0.043;38;167;0.99954;2.93;0.52;9.1;7;
6.7;0.35;0.32;9;0.032;29;113;0.99188;3.13;0.65;12.9;7;
6.1;0.15;0.4;1.2;0.03;19;84;0.98926;3.19;0.96;13;6;
6.7;0.35;0.32;9;0.032;29;113;0.99188;3.13;0.65;12.9;7;
7;0.27;0.74;1.3;0.173;34;121;0.99334;3.04;0.46;9.2;6;
6.8;0.3;0.33;12.8;0.041;60;168;0.99659;3.1;0.56;9.8;5;
6.8;0.3;0.33;12.8;0.041;60;168;0.99659;3.1;0.56;9.8;5;
6.4;0.69;0.09;7.6;0.044;34;144;0.9948;3.26;0.38;10.1;6;
6.4;0.69;0.09;7.6;0.044;34;144;0.9948;3.26;0.38;10.1;6;
5.9;0.12;0.28;1.4;0.037;36;83;0.99074;3.33;0.42;10.9;7;
6.3;0.36;0.5;8.3;0.053;51;202;0.9955;3.2;0.51;9.6;6;
5.7;0.27;0.16;9;0.053;32;111;0.99474;3.36;0.37;10.4;6;
6.1;0.22;0.4;1.85;0.031;25;111;0.98966;3.03;0.3;11.8;7;
5.6;0.205;0.16;12.55;0.051;31;115;0.99564;3.4;0.38;10.8;6;
7.2;0.33;0.28;1.4;0.034;26;109;0.99246;3.28;0.57;10.6;6;
5.9;0.21;0.31;1.8;0.033;45;142;0.98984;3.35;0.5;12.7;6;
5.4;0.33;0.31;4;0.03;27;108;0.99031;3.3;0.43;12.2;7;
5.4;0.205;0.16;12.55;0.051;31;115;0.99564;3.4;0.38;10.8;6;
5.7;0.27;0.16;9;0.053;32;111;0.99474;3.36;0.37;10.4;6;
6.4;0.28;0.28;3;0.04;19;98;0.99216;3.25;0.47;11.1;6;
6.1;0.22;0.4;1.85;0.031;25;111;0.98966;3.03;0.3;11.8;7;
6.7;0.15;0.32;7.9;0.034;17;81;0.99512;3.29;0.31;10;6;
5.5;0.315;0.38;2.6;0.033;10;69;0.9909;3.12;0.59;10.8;6;
4.8;0.225;0.38;1.2;0.074;47;130;0.99132;3.31;0.4;10.3;6;
5.2;0.24;0.15;7.1;0.043;32;134;0.99378;3.24;0.48;9.9;6;
6.7;0.15;0.32;7.9;0.034;17;81;0.99512;3.29;0.31;10;6;
6.6;0.27;0.32;1.3;0.044;18;93;0.99044;3.11;0.56;12.25;5;
6.1;0.32;0.33;10.7;0.036;27;98;0.99521;3.34;0.52;10.2;6;
6;0.25;0.28;7.7;0.053;37;132;0.99489;3.06;0.5;9.4;6;
6.4;0.42;0.46;8.4;0.05;58;180;0.99495;3.18;0.46;9.7;6;
6.1;0.32;0.33;10.7;0.036;27;98;0.99521;3.34;0.52;10.2;6;
6.9;0.31;0.33;12.7;0.038;33;116;0.9954;3.04;0.65;10.4;6;
6.3;0.48;0.48;1.8;0.035;35;96;0.99121;3.49;0.74;12.2;6;
6;0.25;0.28;7.7;0.053;37;132;0.99489;3.06;0.5;9.4;6;
7.2;0.21;0.31;10.5;0.035;36;122;0.99478;3.12;0.4;10.6;6;
6.8;0.32;0.43;1.6;0.05;4;65;0.99346;3.27;0.47;10.7;5;
7.9;0.3;0.6;1.85;0.048;13;106;0.99331;3.24;0.49;11.85;5;
5.3;0.31;0.38;10.5;0.031;53;140;0.99321;3.34;0.46;11.7;6;
5.3;0.31;0.38;10.5;0.031;53;140;0.99321;3.34;0.46;11.7;6;
5.2;0.185;0.22;1;0.03;47;123;0.99218;3.55;0.44;10.15;6;
6;0.17;0.36;1.7;0.042;14;61;0.99144;3.22;0.54;10.8;6;
6;0.16;0.36;1.6;0.042;13;61;0.99143;3.22;0.54;10.8;6;
6.1;0.24;0.32;9;0.031;41;134;0.99234;3.25;0.26;12.3;7;
5.5;0.3;0.25;1.9;0.029;33;118;0.98972;3.36;0.66;12.5;6;
5.5;0.16;0.31;1.2;0.026;31;68;0.9898;3.33;0.44;11.65;6;
6;0.32;0.46;1.5;0.05;56;189;0.99308;3.24;0.49;9.6;5;
6.1;0.27;0.31;3.9;0.034;42;137;0.99218;3.24;0.46;10.9;6;
6;0.27;0.32;3.6;0.035;36;133;0.99215;3.23;0.46;10.8;6;
6;0.14;0.37;1.2;0.032;63;148;0.99185;3.32;0.44;11.2;5;
5;0.24;0.19;5;0.043;17;101;0.99438;3.67;0.57;10;5;
6.1;0.26;0.25;2.9;0.047;289;440;0.99314;3.44;0.64;10.5;3;
6.3;0.23;0.5;10.4;0.043;61;132;0.99542;2.86;0.46;9.1;6;
5.6;0.26;0.5;11.4;0.029;25;93;0.99428;3.23;0.49;10.5;6;
6.1;0.34;0.24;18.35;0.05;33;184;0.99943;3.12;0.61;9.3;5;
6.2;0.35;0.25;18.4;0.051;28;182;0.99946;3.13;0.62;9.3;6;
6;0.14;0.37;1.2;0.032;63;148;0.99185;3.32;0.44;11.2;5;
7.3;0.36;0.62;7.1;0.033;48;185;0.99472;3.14;0.62;10.6;6;
5.1;0.25;0.36;1.3;0.035;40;78;0.9891;3.23;0.64;12.1;7;
5.5;0.16;0.26;1.5;0.032;35;100;0.99076;3.43;0.77;12;6;
6.4;0.19;0.35;10.2;0.043;40;106;0.99632;3.16;0.5;9.7;6;
6.6;0.29;0.73;2.2;0.027;21;92;0.99;3.12;0.48;12.4;6;
6;0.38;0.26;3.5;0.035;38;111;0.98872;3.18;0.47;13.6;7;
6;0.38;0.26;3.5;0.035;38;111;0.98872;3.18;0.47;13.6;7;
6.5;0.2;0.35;3.9;0.04;27;140;0.99102;2.98;0.53;11.8;6;
6.6;0.17;0.26;7.4;0.052;45;128;0.99388;3.16;0.37;10;6;
6.6;0.17;0.26;7.4;0.052;45;128;0.99388;3.16;0.37;10;6;
6.2;0.15;0.27;11;0.035;46;116;0.99602;3.12;0.38;9.1;6;
5.9;0.48;0.3;1.5;0.037;19;78;0.99057;3.47;0.42;11.9;7;
5.3;0.4;0.25;3.9;0.031;45;130;0.99072;3.31;0.58;11.75;7;
5.9;0.26;0.29;5.4;0.046;34;116;0.99224;3.24;0.41;11.4;6;
5.2;0.3;0.34;1.5;0.038;18;96;0.98942;3.56;0.48;13;8;
6.4;0.32;0.25;5;0.055;28;138;0.99171;3.27;0.5;12.4;8;
6.6;0.19;0.25;1.2;0.052;34;181;0.99352;3.3;0.42;9.4;7;
6.8;0.27;0.3;13;0.047;69;160;0.99705;3.16;0.5;9.6;6;
6.8;0.27;0.3;13;0.047;69;160;0.99705;3.16;0.5;9.6;6;
6.8;0.27;0.3;13;0.047;69;160;0.99705;3.16;0.5;9.6;6;
6.8;0.27;0.3;13;0.047;69;160;0.99705;3.16;0.5;9.6;6;
6.4;0.28;0.45;8.6;0.057;47;223;0.99654;3.16;0.51;9.1;5;
5.2;0.21;0.31;1.7;0.048;17;61;0.98953;3.24;0.37;12;7;
7.1;0.24;0.34;1.2;0.045;6;132;0.99132;3.16;0.46;11.2;4;
5;0.27;0.4;1.2;0.076;42;124;0.99204;3.32;0.47;10.1;6;
5.8;0.27;0.4;1.2;0.076;47;130;0.99185;3.13;0.45;10.3;6;
5.9;0.27;0.32;2;0.034;31;102;0.98952;3.16;0.56;12.3;6;
5.8;0.315;0.19;19.4;0.031;28;106;0.99704;2.97;0.4;10.55;6;
6;0.59;0;0.8;0.037;30;95;0.99032;3.1;0.4;10.9;4;
5.8;0.3;0.09;6.3;0.042;36;138;0.99382;3.15;0.48;9.7;5;
5.6;0.3;0.1;6.4;0.043;34;142;0.99382;3.14;0.48;9.8;5;
6.7;0.3;0.5;12.1;0.045;38;127;0.9974;3.04;0.53;8.9;6;
6.7;0.3;0.5;12.1;0.045;38;127;0.9974;3.04;0.53;8.9;6;
6.4;0.31;0.31;12.9;0.045;55;161;0.99546;3.02;0.59;10.2;5;
6.9;0.25;0.29;2.4;0.038;28;76;0.99088;3.01;0.36;11.7;7;
4.4;0.32;0.39;4.3;0.03;31;127;0.98904;3.46;0.36;12.8;8;
3.9;0.225;0.4;4.2;0.03;29;118;0.989;3.57;0.36;12.8;8;
6.4;0.31;0.31;12.9;0.045;55;161;0.99546;3.02;0.59;10.2;5;
5.5;0.62;0.33;1.7;0.037;24;118;0.98758;3.15;0.39;13.55;6;
6.2;0.3;0.42;2.2;0.036;28;128;0.9901;3.13;0.38;11.6;6;
6.7;0.3;0.5;12.1;0.045;38;127;0.9974;3.04;0.53;8.9;6;
4.7;0.785;0;3.4;0.036;23;134;0.98981;3.53;0.92;13.8;6;
6;0.31;0.32;7.4;0.175;47;159;0.9952;3.19;0.5;9.4;6;
6;0.32;0.3;7.3;0.174;46;159;0.99519;3.18;0.49;9.4;5;
6.4;0.105;0.29;1.1;0.035;44;140;0.99142;3.17;0.55;10.7;7;
6.4;0.105;0.29;1.1;0.035;44;140;0.99142;3.17;0.55;10.7;7;
5.7;0.33;0.32;1.4;0.043;28;93;0.9897;3.31;0.5;12.3;6;
5.9;0.32;0.19;14.5;0.042;37;115;0.99684;3.16;0.43;10.3;5;
6.2;0.26;0.2;8;0.047;35;111;0.99445;3.11;0.42;10.4;6;
6;0.2;0.33;1.1;0.039;45;126;0.99051;3.31;0.45;11.6;7;
6.4;0.105;0.29;1.1;0.035;44;140;0.99142;3.17;0.55;10.7;7;
5.8;0.28;0.34;2.2;0.037;24;125;0.98986;3.36;0.33;12.8;8;
6.4;0.31;0.5;5.8;0.038;42;111;0.99189;3.18;0.53;11.9;7;
6;0.35;0.46;0.9;0.033;9;65;0.98934;3.24;0.35;12.1;4;
5.1;0.26;0.34;6.4;0.034;26;99;0.99449;3.23;0.41;9.2;6;
6.6;0.28;0.09;10.9;0.051;37;131;0.99566;2.93;0.62;9.5;6;
6;0.17;0.3;7.3;0.039;39;104;0.99252;2.91;0.57;11;6;
7.3;0.35;0.67;8.3;0.053;10;100;0.9959;3.19;0.5;10.9;5;
6;0.26;0.24;1.3;0.053;66;150;0.9924;3.21;0.62;10.4;6;
5.4;0.375;0.4;3.3;0.054;29;147;0.99482;3.42;0.52;9.1;5;
7;0.17;0.42;1;0.075;19;71;0.99103;3.32;0.62;11.4;6;
5.1;0.26;0.33;1.1;0.027;46;113;0.98946;3.35;0.43;11.4;7;
5.8;0.36;0.5;1;0.127;63;178;0.99212;3.1;0.45;9.7;5;
5.7;0.4;0.35;5.1;0.026;17;113;0.99052;3.18;0.67;12.4;6;
6.2;0.76;0.01;3.2;0.041;18;120;0.99026;3.2;0.94;13.7;7;
6.1;0.41;0.2;12.6;0.032;54;136;0.99516;2.91;0.43;10.6;6;
5.8;0.385;0.25;3.7;0.031;38;122;0.99128;3.2;0.63;11.2;6;
5.7;0.4;0.35;5.1;0.026;17;113;0.99052;3.18;0.67;12.4;6;
5.8;0.36;0.5;1;0.127;63;178;0.99212;3.1;0.45;9.7;5;
7;0.24;0.47;1.3;0.043;18;131;0.99176;3.19;0.45;11;6;
6.8;0.23;0.48;1.5;0.036;35;165;0.99162;3.18;0.45;11.3;6;
6.5;0.28;0.34;4.6;0.054;22;130;0.99193;3.2;0.46;12;7;
6.4;0.23;0.35;10.3;0.042;54;140;0.9967;3.23;0.47;9.2;5;
6;0.34;0.29;6.1;0.046;29;134;0.99462;3.48;0.57;10.7;6;
6;0.34;0.29;6.1;0.046;29;134;0.99462;3.48;0.57;10.7;6;
6.7;0.22;0.33;1.2;0.036;36;86;0.99058;3.1;0.76;11.4;6;
6.4;0.23;0.35;10.3;0.042;54;140;0.9967;3.23;0.47;9.2;5;
6;0.32;0.33;9.9;0.032;22;90;0.99258;3.1;0.43;12.1;7;
5.8;0.29;0.27;1.6;0.062;17;140;0.99138;3.23;0.35;11.1;6;
5.8;0.38;0.26;1.1;0.058;20;140;0.99271;3.27;0.43;9.7;6;
5.9;0.32;0.26;1.5;0.057;17;141;0.9917;3.24;0.36;10.7;5;
5.6;0.33;0.28;1.2;0.031;33;97;0.99126;3.49;0.58;10.9;6;
5.9;0.37;0.3;1.5;0.033;35;95;0.98986;3.36;0.56;12;7;
5.6;0.295;0.26;1.1;0.035;40;102;0.99154;3.47;0.56;10.6;6;
6.7;0.5;0.36;11.5;0.096;18;92;0.99642;3.11;0.49;9.6;5;
6.5;0.28;0.38;7.8;0.031;54;216;0.99154;3.03;0.42;13.1;6;
5.3;0.275;0.24;7.4;0.038;28;114;0.99313;3.38;0.51;11;6;
5.2;0.405;0.15;1.45;0.038;10;44;0.99125;3.52;0.4;11.6;4;
6.8;0.34;0.36;8.9;0.029;44;128;0.99318;3.28;0.35;11.95;7;
5.7;0.22;0.25;1.1;0.05;97;175;0.99099;3.44;0.62;11.1;6;
6.2;0.28;0.57;1;0.043;50;92;0.99004;3.17;0.36;11.5;6;
5.6;0.34;0.25;2.5;0.046;47;182;0.99093;3.21;0.4;11.3;5;
4.8;0.29;0.23;1.1;0.044;38;180;0.98924;3.28;0.34;11.9;6;
6.6;0.38;0.29;2.4;0.136;15;93;0.99336;3.18;0.6;9.5;5;
5.1;0.3;0.3;2.3;0.048;40;150;0.98944;3.29;0.46;12.2;6;
4.4;0.54;0.09;5.1;0.038;52;97;0.99022;3.41;0.4;12.2;7;
7;0.36;0.35;2.5;0.048;67;161;0.99146;3.05;0.56;11.1;6;
6.4;0.33;0.44;8.9;0.055;52;164;0.99488;3.1;0.48;9.6;5;
7;0.36;0.35;2.5;0.048;67;161;0.99146;3.05;0.56;11.1;6;
6.4;0.33;0.44;8.9;0.055;52;164;0.99488;3.1;0.48;9.6;5;
6.2;0.23;0.38;1.6;0.044;12;113;0.99176;3.3;0.73;11.4;5;
5.2;0.25;0.23;1.4;0.047;20;77;0.99001;3.32;0.62;11.4;5;
7.1;0.23;0.39;13.7;0.058;26;172;0.99755;2.9;0.46;9;6;
7.1;0.23;0.39;13.7;0.058;26;172;0.99755;2.9;0.46;9;6;
7.5;0.38;0.33;9.2;0.043;19;116;0.99444;3.08;0.42;11.4;6;
6.4;0.35;0.51;7.8;0.055;53;177;0.99502;3.12;0.45;9.6;5;
6;0.43;0.34;7.6;0.045;25;118;0.99222;3.03;0.37;11;6;
6;0.52;0.33;7.7;0.046;24;119;0.99224;3.04;0.38;11;6;
5.5;0.31;0.29;3;0.027;16;102;0.99067;3.23;0.56;11.2;6;
5.9;0.22;0.3;1.3;0.052;42;86;0.99069;3.31;0.47;11.55;6;
6.2;0.36;0.32;4;0.036;44;92;0.98936;3.2;0.5;13.3;7;
6.2;0.355;0.35;2;0.046;31;95;0.98822;3.06;0.46;13.6;6;
5.7;0.41;0.21;1.9;0.048;30;112;0.99138;3.29;0.55;11.2;6;
5.3;0.6;0.34;1.4;0.031;3;60;0.98854;3.27;0.38;13;6;
5.8;0.23;0.31;4.5;0.046;42;124;0.99324;3.31;0.64;10.8;6;
6.6;0.24;0.33;10.1;0.032;8;81;0.99626;3.19;0.51;9.8;6;
6.1;0.32;0.28;6.6;0.021;29;132;0.99188;3.15;0.36;11.45;7;
5;0.2;0.4;1.9;0.015;20;98;0.9897;3.37;0.55;12.05;6;
6;0.42;0.41;12.4;0.032;50;179;0.99622;3.14;0.6;9.7;5;
5.7;0.21;0.32;1.6;0.03;33;122;0.99044;3.33;0.52;11.9;6;
5.6;0.2;0.36;2.5;0.048;16;125;0.99282;3.49;0.49;10;6;
7.4;0.22;0.26;1.2;0.035;18;97;0.99245;3.12;0.41;9.7;6;
6.2;0.38;0.42;2.5;0.038;34;117;0.99132;3.36;0.59;11.6;7;
5.9;0.54;0;0.8;0.032;12;82;0.99286;3.25;0.36;8.8;5;
6.2;0.53;0.02;0.9;0.035;6;81;0.99234;3.24;0.35;9.5;4;
5;0.235;0.27;11.75;0.03;34;118;0.9954;3.07;0.5;9.4;6;
5.5;0.32;0.13;1.3;0.037;45;156;0.99184;3.26;0.38;10.7;5;
4.9;0.47;0.17;1.9;0.035;60;148;0.98964;3.27;0.35;11.5;6;
6.5;0.33;0.38;8.3;0.048;68;174;0.99492;3.14;0.5;9.6;5;
6.6;0.34;0.4;8.1;0.046;68;170;0.99494;3.15;0.5;9.55;6;
6.2;0.21;0.28;5.7;0.028;45;121;0.99168;3.21;1.08;12.15;7;
6.2;0.41;0.22;1.9;0.023;5;56;0.98928;3.04;0.79;13;7;
6.8;0.22;0.36;1.2;0.052;38;127;0.9933;3.04;0.54;9.2;5;
4.9;0.235;0.27;11.75;0.03;34;118;0.9954;3.07;0.5;9.4;6;
6.1;0.34;0.29;2.2;0.036;25;100;0.98938;3.06;0.44;11.8;6;
5.7;0.21;0.32;0.9;0.038;38;121;0.99074;3.24;0.46;10.6;6;
6.5;0.23;0.38;1.3;0.032;29;112;0.99298;3.29;0.54;9.7;5;
6.2;0.21;0.29;1.6;0.039;24;92;0.99114;3.27;0.5;11.2;6;
6.6;0.32;0.36;8;0.047;57;168;0.9949;3.15;0.46;9.6;5;
6.5;0.24;0.19;1.2;0.041;30;111;0.99254;2.99;0.46;9.4;6;
5.5;0.29;0.3;1.1;0.022;20;110;0.98869;3.34;0.38;12.8;7;
6;0.21;0.38;0.8;0.02;22;98;0.98941;3.26;0.32;11.8;6;
